{"info": {"language": "Engelsk", "ECTS": 5, "time": "F2B (tors 8-12)", "level": "Kandidat", "name": "Differentialgeometri", "course_no": "01238"}, "evals": [{"time": "F-19-13", "N_responses": 6, "learning_answers": [4, 2, 0, 0, 0], "participation_answers": [2, 3, 0, 0, 0], "material_answers": [2, 3, 1, 0, 0], "clear_answers": [1, 2, 2, 0, 1], "connection_answers": [3, 0, 1, 1, 0], "worklevel_answers": [0, 1, 4, 1, 0], "prerequisite_answers": [0, 1, 4, 0, 0], "good_answers": [3, 2, 0, 1, 0]}], "eval_points": [{"time": "F-19-13", "learning": 9.166666666666666, "worklevel": 5.0, "good": 7.916666666666666, "N": 6}], "grades": [{"time": "2019summer", "N_exam": 11, "N_passed": 11, "exam_avg": 9.7, "grade_dist": [6, 2, 1, 2, 0, 0, 0, 3]}], "course_no": "01238", "grade_percentile": 85.1403678606002, "eval_percentiles": {"learning": 87.91565287915653, "worklevel": 35.56366585563666, "good": 61.47607461476075}, "composites": {"beer_points": 6.885714285714286, "quality_points": 8.18524096385542, "beer_percentiles": 85.84905660377359, "quality_percentiles": 92.66247379454927}}