{"info": {"language": "Dansk", "ECTS": 5, "time": "E4A (tirs 13-17)", "level": "Bachelor", "name": "Modellering af populationer og sygdomsspredning", "course_no": "01604"}, "evals": [{"time": "F-19-13", "N_responses": 31, "learning_answers": [3, 8, 8, 9, 3], "participation_answers": [7, 15, 2, 5, 2], "material_answers": [0, 7, 7, 12, 5], "clear_answers": [2, 2, 6, 16, 5], "connection_answers": [3, 7, 9, 10, 2], "worklevel_answers": [3, 4, 14, 8, 2], "prerequisite_answers": [1, 4, 17, 7, 2], "good_answers": [2, 6, 7, 12, 4]}], "eval_points": [{"time": "F-19-13", "learning": 4.919354838709678, "worklevel": 5.161290322580645, "good": 4.193548387096774, "N": 31}], "grades": [{"time": "2020summer", "N_exam": 40, "N_passed": 40, "exam_avg": 9.4, "grade_dist": [11, 16, 11, 2, 0, 0, 0, 1]}, {"time": "2019summer", "N_exam": 45, "N_passed": 43, "exam_avg": 6.8, "grade_dist": [5, 7, 21, 5, 5, 2, 0, 1, 3]}], "course_no": "01604", "grade_percentile": 79.1304347826087, "eval_percentiles": {"learning": 7.217391304347826, "worklevel": 44.91304347826087, "good": 6.695652173913044}, "composites": {"beer_points": 6.838028768405823, "quality_points": 4.375728721336962, "beer_percentiles": 80.30480656506448, "quality_percentiles": 18.87456037514654}}