{"info": {"language": "Dansk", "ECTS": 10, "time": "E5 (ons 8-17)", "level": "Bachelor", "name": "Computersystemer", "course_no": "02132"}, "evals": [{"time": "E-18-13", "N_responses": 47, "learning_answers": [22, 18, 6, 1, 0], "participation_answers": [19, 20, 8, 0, 0], "material_answers": [4, 9, 13, 17, 3], "clear_answers": [4, 25, 12, 4, 2], "connection_answers": [14, 14, 15, 4, 0], "worklevel_answers": [0, 2, 18, 22, 5], "prerequisite_answers": [1, 5, 40, 1, 0], "good_answers": [12, 20, 12, 3, 0]}], "eval_points": [{"time": "E-18-13", "learning": 8.24468085106383, "worklevel": 6.595744680851063, "good": 7.180851063829787, "N": 47}], "grades": [{"time": "2019winter", "N_exam": 82, "N_passed": 72, "exam_avg": 5.6, "grade_dist": [6, 7, 31, 23, 5, 9, 1, 2]}, {"time": "2018winter", "N_exam": 99, "N_passed": 98, "exam_avg": 8.0, "grade_dist": [6, 42, 37, 8, 5, 1, 0, 4]}, {"time": "2017winter", "N_exam": 80, "N_passed": 78, "exam_avg": 7.6, "grade_dist": [7, 19, 42, 9, 1, 2, 0, 1]}], "course_no": "02132", "grade_percentile": 11.400966183574878, "eval_percentiles": {"learning": 64.0, "worklevel": 80.95652173913044, "good": 43.30434782608695}, "composites": {"beer_points": 3.697299724920003, "quality_points": 4.862855678031275, "beer_percentiles": 7.971864009378663, "quality_percentiles": 26.963657678780773}}