{"info": {"language": "Dansk", "ECTS": 10, "time": "E5 (ons 8-17)", "level": "Bachelor", "name": "Computersystemer", "course_no": "02132"}, "evals": [{"time": "E-18-13", "N_responses": 47, "learning_answers": [22, 18, 6, 1, 0], "participation_answers": [19, 20, 8, 0, 0], "material_answers": [4, 9, 13, 17, 3], "clear_answers": [4, 25, 12, 4, 2], "connection_answers": [14, 14, 15, 4, 0], "worklevel_answers": [0, 2, 18, 22, 5], "prerequisite_answers": [1, 5, 40, 1, 0], "good_answers": [12, 20, 12, 3, 0]}], "eval_points": [{"time": "E-18-13", "learning": 3.297872340425532, "worklevel": 2.6382978723404253, "good": 2.872340425531915, "N": 47}], "grades": [{"time": "2018winter", "N_exam": 99, "N_passed": 98, "exam_avg": 8.0, "grade_dist": [6, 42, 37, 8, 5, 1, 0, 4]}, {"time": "2017winter", "N_exam": 80, "N_passed": 78, "exam_avg": 7.6, "grade_dist": [7, 19, 42, 9, 1, 2, 0, 1]}], "course_no": "02132", "grade_percentile": 51.932367149758456, "eval_percentiles": {"learning": 63.14948041566747, "worklevel": 81.85451638689048, "good": 42.68585131894484}, "composites": {"beer_points": 66.68627223353285, "quality_points": 62.07887555244284, "beer_percentiles": 52.01271186440678, "quality_percentiles": 51.80084745762712}}