{"info": {"language": "Engelsk", "ECTS": 5, "time": "E2A (man 13-17)", "level": "Bachelor", "name": "Computerarkitektur", "course_no": "02155"}, "evals": [{"time": "E-16-13", "N_responses": 41, "learning_answers": [9, 17, 8, 6, 1], "participation_answers": [8, 12, 15, 4, 2], "material_answers": [11, 15, 6, 8, 1], "clear_answers": [3, 15, 14, 7, 2], "connection_answers": [5, 19, 11, 4, 2], "worklevel_answers": [2, 8, 23, 7, 1], "prerequisite_answers": [0, 5, 32, 3, 1], "good_answers": [3, 21, 11, 5, 1]}, {"time": "E-15-13", "N_responses": 17, "learning_answers": [3, 6, 5, 2, 1], "participation_answers": [2, 5, 5, 4, 0], "material_answers": [2, 7, 4, 4, 0], "clear_answers": [2, 9, 4, 1, 1], "connection_answers": [2, 7, 4, 3, 1], "worklevel_answers": [0, 4, 12, 1, 0], "prerequisite_answers": [0, 0, 16, 1, 0], "good_answers": [1, 10, 3, 3, 0]}], "eval_points": [{"time": "E-16-13", "learning": 6.646341463414634, "worklevel": 4.817073170731707, "good": 6.219512195121951, "N": 41}, {"time": "E-15-13", "learning": 6.176470588235294, "worklevel": 4.5588235294117645, "good": 6.323529411764706, "N": 17}], "grades": [{"time": "2019summer", "N_exam": 4, "N_passed": 3, "exam_avg": 4.8, "grade_dist": [0, 1, 1, 0, 1, 1, 0, 2]}, {"time": "2017summer", "N_exam": 8, "N_passed": 8, "exam_avg": 5.8, "grade_dist": [0, 2, 2, 2, 2, 0, 0, 3]}], "course_no": "02155", "grade_percentile": 13.700564971751412, "eval_percentiles": {"learning": 25.082781456953644, "worklevel": 26.73841059602649, "good": 25.662251655629138}, "composites": {"beer_points": 4.774844866050506, "quality_points": 4.661125587552681, "beer_percentiles": 29.260450160771704, "quality_percentiles": 19.614147909967844}}