{"info": {"language": "Dansk", "ECTS": 5, "time": "F1B (tors 13-17)", "level": "Diplomingeni\u00f8r", "name": "Distribuerede og parallelle systemer", "course_no": "02346"}, "evals": [{"time": "F-19-13", "N_responses": 27, "learning_answers": [11, 10, 5, 1, 0], "participation_answers": [13, 6, 5, 3, 0], "material_answers": [5, 7, 9, 3, 3], "clear_answers": [12, 6, 5, 1, 3], "connection_answers": [10, 4, 8, 3, 2], "worklevel_answers": [0, 0, 9, 8, 10], "prerequisite_answers": [1, 1, 18, 2, 5], "good_answers": [8, 5, 5, 6, 3]}], "eval_points": [{"time": "F-19-13", "learning": 7.870370370370371, "worklevel": 7.5925925925925934, "good": 5.833333333333334, "N": 27}], "grades": [{"time": "2019summer", "N_exam": 149, "N_passed": 129, "exam_avg": 5.6, "grade_dist": [6, 26, 48, 43, 6, 14, 6, 2, 4]}], "course_no": "02346", "grade_percentile": 14.036786060019361, "eval_percentiles": {"learning": 53.2441200324412, "worklevel": 94.3227899432279, "good": 20.235198702351987}, "composites": {"beer_points": 2.3206349206349213, "quality_points": 3.634538152610441, "beer_percentiles": 4.1928721174004195, "quality_percentiles": 11.844863731656185}}