{"info": {"language": "Dansk", "ECTS": 5, "time": "E1B (tors 13-17)", "level": "Diplomingeni\u00f8r", "name": "Software processer og m\u00f8nstre", "course_no": "02369"}, "evals": [{"time": "E-18-13", "N_responses": 23, "learning_answers": [1, 0, 4, 12, 6], "participation_answers": [1, 1, 7, 6, 8], "material_answers": [1, 1, 9, 4, 7], "clear_answers": [1, 1, 2, 6, 13], "connection_answers": [1, 2, 5, 6, 9], "worklevel_answers": [2, 4, 16, 1, 0], "prerequisite_answers": [1, 1, 19, 1, 0], "good_answers": [1, 2, 5, 6, 9]}], "eval_points": [{"time": "E-18-13", "learning": 2.608695652173913, "worklevel": 4.239130434782608, "good": 2.826086956521739, "N": 23}], "grades": [{"time": "2018winter", "N_exam": 80, "N_passed": 80, "exam_avg": 9.3, "grade_dist": [31, 18, 25, 1, 5, 0, 0, 4]}], "course_no": "02369", "grade_percentile": 78.90037593984962, "eval_percentiles": {"learning": 0.9916094584286804, "worklevel": 13.729977116704806, "good": 2.1357742181540806}, "composites": {"beer_points": 7.432204143327108, "quality_points": 3.4761509571969107, "beer_percentiles": 92.51231527093596, "quality_percentiles": 8.96551724137931}}