{"info": {"language": "Dansk", "ECTS": 5, "time": "E1B (tors 13-17)", "level": "Diplomingeni\u00f8r", "name": "Software processer og m\u00f8nstre", "course_no": "02369"}, "evals": [{"time": "E-18-13", "N_responses": 23, "learning_answers": [1, 0, 4, 12, 6], "participation_answers": [1, 1, 7, 6, 8], "material_answers": [1, 1, 9, 4, 7], "clear_answers": [1, 1, 2, 6, 13], "connection_answers": [1, 2, 5, 6, 9], "worklevel_answers": [2, 4, 16, 1, 0], "prerequisite_answers": [1, 1, 19, 1, 0], "good_answers": [1, 2, 5, 6, 9]}], "eval_points": [{"time": "E-18-13", "learning": 2.608695652173913, "worklevel": 4.239130434782608, "good": 2.826086956521739, "N": 23}], "grades": [{"time": "2018winter", "N_exam": 80, "N_passed": 80, "exam_avg": 9.3, "grade_dist": [31, 18, 25, 1, 5, 0, 0, 4]}], "course_no": "02369", "grade_percentile": 77.487922705314, "eval_percentiles": {"learning": 1.0434782608695652, "worklevel": 12.956521739130435, "good": 2.0}, "composites": {"beer_points": 7.5152001835493865, "quality_points": 3.0853850183342058, "beer_percentiles": 91.7936694021102, "quality_percentiles": 7.620164126611958}}