{"info": {"language": "Dansk", "ECTS": 10, "time": "E4A (tirs 13-17)  og  Januar", "level": "Bachelor", "name": "Introduktion til intelligente systemer", "course_no": "02461"}, "evals": [{"time": "E-18-03", "N_responses": 12, "learning_answers": [3, 4, 4, 1, 0], "participation_answers": [3, 4, 4, 1, 0], "material_answers": [1, 3, 5, 3, 0], "clear_answers": [1, 0, 4, 6, 1], "connection_answers": [2, 4, 2, 4, 0], "worklevel_answers": [1, 5, 4, 1, 1], "prerequisite_answers": [0, 1, 10, 1, 0], "good_answers": [2, 4, 5, 1, 0]}], "eval_points": [{"time": "E-18-03", "learning": 6.875, "worklevel": 4.166666666666667, "good": 6.458333333333334, "N": 12}], "grades": [{"time": "2019winter", "N_exam": 52, "N_passed": 52, "exam_avg": 10.0, "grade_dist": [10, 35, 7, 0, 0, 0, 0, 3]}, {"time": "2018winter", "N_exam": 36, "N_passed": 36, "exam_avg": 11.8, "grade_dist": [33, 3, 0, 0, 0, 0, 0, 1]}], "course_no": "02461", "grade_percentile": 89.04347826086956, "eval_percentiles": {"learning": 28.733889310083395, "worklevel": 12.016679302501895, "good": 29.567854435178166}, "composites": {"beer_points": 7.77142857142857, "quality_points": 6.558533145275035, "beer_percentiles": 96.2607861936721, "quality_percentiles": 72.4352828379674}}