{"info": {"language": "Engelsk", "ECTS": 5, "time": "F1A (man 8-12)", "level": "Kandidat", "name": "Scientific Computing for differentialligninger", "course_no": "02686"}, "evals": [{"time": "F-19-13", "N_responses": 18, "learning_answers": [3, 5, 6, 4, 0], "participation_answers": [2, 6, 2, 4, 4], "material_answers": [1, 3, 6, 4, 4], "clear_answers": [1, 1, 3, 7, 5], "connection_answers": [1, 2, 7, 3, 4], "worklevel_answers": [0, 1, 6, 5, 6], "prerequisite_answers": [0, 0, 17, 0, 0], "good_answers": [2, 1, 5, 6, 4]}], "eval_points": [{"time": "F-19-13", "learning": 5.972222222222222, "worklevel": 7.222222222222222, "good": 3.75, "N": 18}], "grades": [{"time": "2020summer", "N_exam": 41, "N_passed": 40, "exam_avg": 9.0, "grade_dist": [16, 12, 5, 5, 2, 1, 0, 3]}, {"time": "2019summer", "N_exam": 44, "N_passed": 42, "exam_avg": 8.5, "grade_dist": [13, 14, 9, 4, 2, 1, 1, 9]}], "course_no": "02686", "grade_percentile": 71.19113573407202, "eval_percentiles": {"learning": 16.994266994266994, "worklevel": 88.82063882063882, "good": 4.176904176904177}, "composites": {"beer_points": 4.9956024626209325, "quality_points": 3.5391566265060233, "beer_percentiles": 28.977871443624867, "quality_percentiles": 9.536354056902002}}