{"info": {"language": "Engelsk", "ECTS": 5, "time": "F1A (man 8-12)", "level": "Kandidat", "name": "Scientific Computing for differentialligninger", "course_no": "02686"}, "evals": [{"time": "F-19-13", "N_responses": 18, "learning_answers": [3, 5, 6, 4, 0], "participation_answers": [2, 6, 2, 4, 4], "material_answers": [1, 3, 6, 4, 4], "clear_answers": [1, 1, 3, 7, 5], "connection_answers": [1, 2, 7, 3, 4], "worklevel_answers": [0, 1, 6, 5, 6], "prerequisite_answers": [0, 0, 17, 0, 0], "good_answers": [2, 1, 5, 6, 4]}], "eval_points": [{"time": "F-19-13", "learning": 5.972222222222222, "worklevel": 7.222222222222222, "good": 3.75, "N": 18}], "grades": [{"time": "2019summer", "N_exam": 44, "N_passed": 42, "exam_avg": 8.5, "grade_dist": [13, 14, 9, 4, 2, 1, 1, 9]}], "course_no": "02686", "grade_percentile": 63.11713455953534, "eval_percentiles": {"learning": 16.909975669099758, "worklevel": 88.9294403892944, "good": 4.13625304136253}, "composites": {"beer_points": 4.295238095238096, "quality_points": 3.313253012048192, "beer_percentiles": 26.10062893081761, "quality_percentiles": 9.329140461215934}}