{"info": {"language": "Dansk", "ECTS": 5, "time": "F2A (man 13-17)", "level": "Bachelor", "name": "Eksperimentel introduktion til fysikken bag b\u00e6redygtig energi", "course_no": "10331"}, "evals": [{"time": "F-19-13", "N_responses": 11, "learning_answers": [6, 4, 1, 0, 0], "participation_answers": [7, 3, 1, 0, 0], "material_answers": [3, 2, 3, 2, 1], "clear_answers": [6, 4, 0, 1, 0], "connection_answers": [5, 5, 0, 1, 0], "worklevel_answers": [0, 2, 9, 0, 0], "prerequisite_answers": [0, 1, 9, 1, 0], "good_answers": [7, 3, 0, 1, 0]}], "eval_points": [{"time": "F-19-13", "learning": 8.636363636363637, "worklevel": 4.545454545454545, "good": 8.636363636363637, "N": 11}], "grades": [{"time": "2019summer", "N_exam": 15, "N_passed": 15, "exam_avg": 9.1, "grade_dist": [4, 6, 3, 2, 0, 0, 0, 1]}], "course_no": "10331", "grade_percentile": 75.14097744360902, "eval_percentiles": {"learning": 74.02745995423341, "worklevel": 19.98474446987033, "good": 76.9260106788711}, "composites": {"beer_points": 7.0725661523207535, "quality_points": 7.875356607158612, "beer_percentiles": 86.79802955665025, "quality_percentiles": 91.47783251231527}}