{"info": {"language": "Danish", "ECTS": 5, "time": "Spring F2A (Mon 13-17)", "level": "BSc", "name": "Experimental introduction to physics of sustainable energy", "course_no": "10331"}, "evals": [{"time": "F-19-13", "N_responses": 11, "learning_answers": [6, 4, 1, 0, 0], "participation_answers": [7, 3, 1, 0, 0], "material_answers": [3, 2, 3, 2, 1], "clear_answers": [6, 4, 0, 1, 0], "connection_answers": [5, 5, 0, 1, 0], "worklevel_answers": [0, 2, 9, 0, 0], "prerequisite_answers": [0, 1, 9, 1, 0], "good_answers": [7, 3, 0, 1, 0]}], "eval_points": [{"time": "F-19-13", "learning": 8.636363636363637, "worklevel": 4.545454545454545, "good": 8.636363636363637, "N": 11}], "grades": [{"time": "2019summer", "N_exam": 15, "N_passed": 15, "exam_avg": 9.1, "grade_dist": [4, 6, 3, 2, 0, 0, 0, 1]}], "course_no": "10331", "grade_percentile": 73.26490713587488, "eval_percentiles": {"learning": 75.13089005235602, "worklevel": 19.80802792321117, "good": 77.5305410122164}, "composites": {"beer_points": 7.167186375629647, "quality_points": 8.205093099671412, "beer_percentiles": 86.51162790697674, "quality_percentiles": 92.44186046511628}}