{"info": {"language": "Dansk", "ECTS": 5, "time": "F2A (man 13-17)", "level": "Bachelor", "name": "Eksperimentel introduktion til fysikken bag b\u00e6redygtig energi", "course_no": "10331"}, "evals": [{"time": "F-19-13", "N_responses": 11, "learning_answers": [6, 4, 1, 0, 0], "participation_answers": [7, 3, 1, 0, 0], "material_answers": [3, 2, 3, 2, 1], "clear_answers": [6, 4, 0, 1, 0], "connection_answers": [5, 5, 0, 1, 0], "worklevel_answers": [0, 2, 9, 0, 0], "prerequisite_answers": [0, 1, 9, 1, 0], "good_answers": [7, 3, 0, 1, 0]}], "eval_points": [{"time": "F-19-13", "learning": 3.4545454545454546, "worklevel": 1.8181818181818181, "good": 3.4545454545454546, "N": 11}], "grades": [{"time": "2019summer", "N_exam": 15, "N_passed": 15, "exam_avg": 9.1, "grade_dist": [4, 6, 3, 2, 0, 0, 0, 1]}], "grade_percentile": 75.1207729468599, "eval_percentiles": {"learning": 73.50119904076739, "worklevel": 19.584332533972823, "good": 76.73860911270984}, "composites": {"beer_points": 2.829026460928301, "quality_points": 3.2075121246517386, "beer_percentiles": 87.07627118644068, "quality_percentiles": 88.98305084745763}}