{"info": {"language": "Engelsk", "ECTS": 5, "time": "E1B (tors 13-17)", "level": "Kandidat", "name": "Varme- og stoftransport i bygninger", "course_no": "11122"}, "evals": [{"time": "E-15-13", "N_responses": 26, "learning_answers": [9, 7, 7, 1, 2], "participation_answers": [7, 8, 6, 3, 2], "material_answers": [6, 10, 5, 2, 3], "clear_answers": [3, 6, 8, 4, 5], "connection_answers": [4, 13, 5, 4, 0], "worklevel_answers": [1, 4, 10, 8, 3], "prerequisite_answers": [1, 4, 18, 2, 1], "good_answers": [8, 8, 7, 2, 1]}, {"time": "E-14-13", "N_responses": 19, "learning_answers": [9, 8, 1, 1, 0], "participation_answers": [5, 4, 8, 2, 0], "material_answers": [3, 7, 4, 5, 0], "clear_answers": [3, 4, 6, 5, 1], "connection_answers": [4, 9, 4, 2, 0], "worklevel_answers": [0, 0, 13, 5, 0], "prerequisite_answers": [0, 0, 17, 2, 0], "good_answers": [7, 7, 2, 2, 1]}], "eval_points": [{"time": "E-15-13", "learning": 6.923076923076923, "worklevel": 5.769230769230768, "good": 6.923076923076923, "N": 26}, {"time": "E-14-13", "learning": 8.289473684210527, "worklevel": 5.394736842105264, "good": 7.236842105263158, "N": 19}], "grades": [{"time": "2016summer", "N_exam": 7, "N_passed": 5, "exam_avg": 4.6, "grade_dist": [1, 1, 0, 2, 1, 2, 0, 5]}], "course_no": "11122", "grade_percentile": 12.853107344632768, "eval_percentiles": {"learning": 30.380794701986755, "worklevel": 62.70695364238411, "good": 37.996688741721854}, "composites": {"beer_points": 3.898776089398688, "quality_points": 4.590280897391857, "beer_percentiles": 14.630225080385852, "quality_percentiles": 18.64951768488746}}