{"info": {"language": "Engelsk", "ECTS": 5, "time": "F1B (tors 13-17)", "level": "Kandidat", "name": "Tr\u00e6konstruktioner", "course_no": "11353"}, "evals": [{"time": "F-18-03AUG", "N_responses": 28, "learning_answers": [23, 5, 0, 0, 0], "participation_answers": [22, 4, 1, 0, 1], "material_answers": [9, 14, 3, 2, 0], "clear_answers": [4, 5, 5, 9, 5], "connection_answers": [10, 14, 2, 2, 0], "worklevel_answers": [0, 0, 6, 6, 16], "prerequisite_answers": [0, 0, 26, 2, 0], "good_answers": [14, 11, 2, 1, 0]}, {"time": "F-17-03AUG", "N_responses": 18, "learning_answers": [13, 4, 0, 1, 0], "participation_answers": [12, 3, 3, 0, 0], "material_answers": [3, 12, 3, 0, 0], "clear_answers": [2, 4, 4, 5, 2], "connection_answers": [7, 7, 3, 1, 0], "worklevel_answers": [0, 0, 0, 7, 11], "prerequisite_answers": [0, 1, 15, 1, 0], "good_answers": [7, 9, 2, 0, 0]}], "eval_points": [{"time": "F-18-03AUG", "learning": 9.553571428571429, "worklevel": 8.392857142857142, "good": 8.392857142857142, "N": 28}, {"time": "F-17-03AUG", "learning": 9.027777777777779, "worklevel": 9.027777777777779, "good": 8.194444444444445, "N": 18}], "grades": [{"time": "2018summer", "N_exam": 58, "N_passed": 58, "exam_avg": 8.6, "grade_dist": [3, 33, 14, 8, 0, 0, 0, 2]}, {"time": "2017summer", "N_exam": 34, "N_passed": 33, "exam_avg": 7.7, "grade_dist": [6, 8, 14, 3, 2, 0, 1, 1]}], "course_no": "11353", "grade_percentile": 61.772853185595565, "eval_percentiles": {"learning": 92.7927927927928, "worklevel": 97.46109746109747, "good": 72.44062244062243}, "composites": {"beer_points": 3.857896720693555, "quality_points": 6.545288296041307, "beer_percentiles": 9.58904109589041, "quality_percentiles": 62.4868282402529}}