{"info": {"language": "Engelsk", "ECTS": 5, "time": "E1A (man 8-12)  eller  F1A (man 8-12)", "level": "Diplomingeni\u00c3\u00b8r", "name": "Geoteknik og anl\u00c3\u00a6gskonstruktioner", "course_no": "11412"}, "evals": [{"time": "F-19-13", "N_responses": 13, "learning_answers": [4, 2, 4, 1, 2], "participation_answers": [6, 3, 3, 0, 1], "material_answers": [3, 1, 5, 1, 3], "clear_answers": [1, 2, 3, 3, 4], "connection_answers": [3, 2, 5, 0, 3], "worklevel_answers": [0, 0, 10, 1, 2], "prerequisite_answers": [0, 0, 8, 3, 2], "good_answers": [2, 4, 2, 2, 3]}, {"time": "E-18-13", "N_responses": 14, "learning_answers": [1, 3, 1, 2, 7], "participation_answers": [2, 2, 0, 1, 9], "material_answers": [0, 0, 1, 1, 12], "clear_answers": [0, 2, 2, 1, 9], "connection_answers": [2, 1, 0, 0, 11], "worklevel_answers": [0, 2, 6, 3, 3], "prerequisite_answers": [1, 1, 9, 1, 2], "good_answers": [2, 2, 0, 2, 8]}], "eval_points": [{"time": "F-19-13", "learning": 2.3846153846153846, "worklevel": 2.3846153846153846, "good": 2.0, "N": 13}, {"time": "E-18-13", "learning": 1.2142857142857142, "worklevel": 2.5, "good": 1.1428571428571428, "N": 14}], "grades": [{"time": "2019summer", "N_exam": 55, "N_passed": 41, "exam_avg": 4.8, "grade_dist": [11, 5, 6, 11, 8, 8, 6, 1, 7]}, {"time": "2018winter", "N_exam": 33, "N_passed": 12, "exam_avg": 0.9, "grade_dist": [2, 3, 2, 3, 2, 3, 18, 4, 10]}], "grade_percentile": 8.286516853932584, "eval_percentiles": {"learning": 16.485225505443236, "worklevel": 68.89580093312597, "good": 11.35303265940902}, "composites": {"beer_points": 1.4277174767972314, "quality_points": 1.182022471910112, "beer_percentiles": 10.238568588469185, "quality_percentiles": 5.069582504970179}}