{"info": {"language": "Engelsk", "ECTS": 5, "time": "E1A (man 8-12)  eller  F1A (man 8-12)", "level": "Diplomingeni\u00f8r", "name": "Geoteknik og anl\u00e6gskonstruktioner", "course_no": "11412"}, "evals": [{"time": "F-19-13", "N_responses": 13, "learning_answers": [4, 2, 4, 1, 2], "participation_answers": [6, 3, 3, 0, 1], "material_answers": [3, 1, 5, 1, 3], "clear_answers": [1, 2, 3, 3, 4], "connection_answers": [3, 2, 5, 0, 3], "worklevel_answers": [0, 0, 10, 1, 2], "prerequisite_answers": [0, 0, 8, 3, 2], "good_answers": [2, 4, 2, 2, 3]}, {"time": "E-18-13", "N_responses": 14, "learning_answers": [1, 3, 1, 2, 7], "participation_answers": [2, 2, 0, 1, 9], "material_answers": [0, 0, 1, 1, 12], "clear_answers": [0, 2, 2, 1, 9], "connection_answers": [2, 1, 0, 0, 11], "worklevel_answers": [0, 2, 6, 3, 3], "prerequisite_answers": [1, 1, 9, 1, 2], "good_answers": [2, 2, 0, 2, 8]}], "eval_points": [{"time": "F-19-13", "learning": 5.961538461538462, "worklevel": 5.961538461538462, "good": 5.0, "N": 13}, {"time": "E-18-13", "learning": 3.0357142857142856, "worklevel": 6.25, "good": 2.8571428571428568, "N": 14}], "grades": [{"time": "2020summer", "N_exam": 97, "N_passed": 51, "exam_avg": 2.1, "grade_dist": [2, 3, 13, 9, 24, 38, 8, 2, 7]}, {"time": "2019summer", "N_exam": 65, "N_passed": 48, "exam_avg": 4.8, "grade_dist": [11, 6, 10, 12, 9, 11, 6, 2, 7]}], "course_no": "11412", "grade_percentile": 3.1073446327683616, "eval_percentiles": {"learning": 16.804635761589402, "worklevel": 68.70860927152317, "good": 11.46523178807947}, "composites": {"beer_points": 2.398450895760657, "quality_points": 2.2913088285812426, "beer_percentiles": 3.054662379421222, "quality_percentiles": 2.572347266881029}}