{"info": {"language": "Engelsk", "ECTS": 5, "time": "August", "level": "Kandidat", "name": "Simulering af indeklima og energiforbrug med IDA ICE", "course_no": "11522"}, "evals": [{"time": "F-17-03AUG", "N_responses": 9, "learning_answers": [7, 2, 0, 0, 0], "participation_answers": [8, 1, 0, 0, 0], "material_answers": [2, 4, 3, 0, 0], "clear_answers": [4, 3, 2, 0, 0], "connection_answers": [7, 1, 1, 0, 0], "worklevel_answers": [0, 0, 8, 1, 0], "prerequisite_answers": [0, 1, 7, 1, 0], "good_answers": [7, 2, 0, 0, 0]}], "eval_points": [{"time": "F-17-03AUG", "learning": 9.444444444444445, "worklevel": 5.277777777777778, "good": 9.444444444444445, "N": 9}], "grades": [{"time": "2015summer", "N_exam": 12, "N_passed": 12, "exam_avg": 11.0, "grade_dist": [6, 6, 0, 0, 0, 0, 0, 2]}], "course_no": "11522", "grade_percentile": 96.75701839303001, "eval_percentiles": {"learning": 92.09245742092457, "worklevel": 47.93187347931873, "good": 91.24087591240875}, "composites": {"beer_points": 7.39047619047619, "quality_points": 9.462851405622489, "beer_percentiles": 93.39622641509433, "quality_percentiles": 99.16142557651992}}