{"info": {"language": "Engelsk", "ECTS": 5, "time": "August", "level": "Kandidat", "name": "Simulering af indeklima og energiforbrug med IDA ICE", "course_no": "11522"}, "evals": [{"time": "F-17-03AUG", "N_responses": 9, "learning_answers": [7, 2, 0, 0, 0], "participation_answers": [8, 1, 0, 0, 0], "material_answers": [2, 4, 3, 0, 0], "clear_answers": [4, 3, 2, 0, 0], "connection_answers": [7, 1, 1, 0, 0], "worklevel_answers": [0, 0, 8, 1, 0], "prerequisite_answers": [0, 1, 7, 1, 0], "good_answers": [7, 2, 0, 0, 0]}], "eval_points": [{"time": "F-17-03AUG", "learning": 3.7777777777777777, "worklevel": 2.111111111111111, "good": 3.7777777777777777, "N": 9}], "grades": [{"time": "2015summer", "N_exam": 12, "N_passed": 12, "exam_avg": 11.0, "grade_dist": [6, 6, 0, 0, 0, 0, 0, 2]}], "grade_percentile": 96.28019323671498, "eval_percentiles": {"learning": 91.00719424460432, "worklevel": 48.04156674660272, "good": 90.56754596322942}, "composites": {"beer_points": 3.0038627584639856, "quality_points": 3.8214150586454787, "beer_percentiles": 93.85593220338983, "quality_percentiles": 99.36440677966101}}