{"info": {"language": "Engelsk", "ECTS": 5, "time": "F5A (ons 8-12)", "level": "Kandidat", "name": "Wastewater Engineering: Treatment and Resource Recovery", "course_no": "12110"}, "evals": [{"time": "F-18-13", "N_responses": 26, "learning_answers": [7, 10, 7, 0, 2], "participation_answers": [4, 7, 9, 3, 3], "material_answers": [2, 10, 8, 3, 3], "clear_answers": [4, 7, 12, 1, 2], "connection_answers": [7, 7, 7, 2, 3], "worklevel_answers": [0, 4, 15, 1, 6], "prerequisite_answers": [0, 3, 16, 7, 0], "good_answers": [7, 11, 3, 3, 2]}], "eval_points": [{"time": "F-18-13", "learning": 2.769230769230769, "worklevel": 2.3461538461538463, "good": 2.6923076923076925, "N": 26}], "grades": [{"time": "2019summer", "N_exam": 22, "N_passed": 17, "exam_avg": 5.8, "grade_dist": [3, 5, 5, 1, 3, 4, 1, 1]}], "grade_percentile": 15.870786516853933, "eval_percentiles": {"learning": 29.704510108864696, "worklevel": 66.32970451010887, "good": 34.68118195956454}, "composites": {"beer_points": 1.677311100623984, "quality_points": 1.7524632670700082, "beer_percentiles": 18.290258449304176, "quality_percentiles": 17.19681908548708}}