{"info": {"language": "Engelsk", "ECTS": 5, "time": "F5A (ons 8-12)", "level": "Kandidat", "name": "Wastewater Engineering: Treatment and Resource Recovery", "course_no": "12110"}, "evals": [{"time": "F-18-13", "N_responses": 26, "learning_answers": [7, 10, 7, 0, 2], "participation_answers": [4, 7, 9, 3, 3], "material_answers": [2, 10, 8, 3, 3], "clear_answers": [4, 7, 12, 1, 2], "connection_answers": [7, 7, 7, 2, 3], "worklevel_answers": [0, 4, 15, 1, 6], "prerequisite_answers": [0, 3, 16, 7, 0], "good_answers": [7, 11, 3, 3, 2]}], "eval_points": [{"time": "F-18-13", "learning": 6.923076923076923, "worklevel": 5.865384615384616, "good": 6.730769230769232, "N": 26}], "grades": [{"time": "2019summer", "N_exam": 22, "N_passed": 17, "exam_avg": 5.8, "grade_dist": [3, 5, 5, 1, 3, 4, 1, 1]}], "course_no": "12110", "grade_percentile": 15.956521739130435, "eval_percentiles": {"learning": 29.87111448066717, "worklevel": 66.7172100075815, "good": 34.571645185746775}, "composites": {"beer_points": 3.9153846153846152, "quality_points": 4.198220679179776, "beer_percentiles": 17.54554170661553, "quality_percentiles": 20.709491850431448}}