{"info": {"language": "Engelsk", "ECTS": 5, "time": "E2B (tors 8-12)", "level": "Kandidat", "name": "Industriel \u00d8kologi", "course_no": "12142"}, "evals": [{"time": "E-16-13", "N_responses": 14, "learning_answers": [1, 5, 2, 3, 3], "participation_answers": [2, 5, 3, 2, 2], "material_answers": [0, 6, 2, 4, 2], "clear_answers": [1, 5, 1, 4, 3], "connection_answers": [1, 5, 2, 2, 4], "worklevel_answers": [0, 1, 3, 5, 5], "prerequisite_answers": [1, 0, 10, 3, 0], "good_answers": [0, 4, 3, 3, 4]}], "eval_points": [{"time": "E-16-13", "learning": 4.642857142857143, "worklevel": 7.5, "good": 3.75, "N": 14}], "grades": [{"time": "2018winter", "N_exam": 24, "N_passed": 24, "exam_avg": 9.0, "grade_dist": [4, 10, 9, 1, 0, 0, 0, 1]}], "course_no": "12142", "grade_percentile": 71.19113573407202, "eval_percentiles": {"learning": 5.8558558558558556, "worklevel": 92.05569205569205, "good": 4.176904176904177}, "composites": {"beer_points": 4.775725593667546, "quality_points": 2.8130378657487083, "beer_percentiles": 24.394099051633297, "quality_percentiles": 5.584826132771338}}