{"info": {"language": "Engelsk", "ECTS": 5, "time": "E4B (fre 8-12)", "level": "Kandidat", "name": "Terrestrial Ecology", "course_no": "12145"}, "evals": [{"time": "E-18-13", "N_responses": 11, "learning_answers": [7, 4, 0, 0, 0], "participation_answers": [5, 5, 1, 0, 0], "material_answers": [6, 4, 1, 0, 0], "clear_answers": [4, 6, 0, 1, 0], "connection_answers": [6, 5, 0, 0, 0], "worklevel_answers": [0, 1, 9, 1, 0], "prerequisite_answers": [0, 0, 10, 1, 0], "good_answers": [5, 6, 0, 0, 0]}, {"time": "E-17-13", "N_responses": 11, "learning_answers": [6, 3, 2, 0, 0], "participation_answers": [5, 4, 0, 1, 1], "material_answers": [6, 3, 2, 0, 0], "clear_answers": [2, 4, 3, 2, 0], "connection_answers": [3, 7, 1, 0, 0], "worklevel_answers": [0, 0, 10, 1, 0], "prerequisite_answers": [0, 0, 11, 0, 0], "good_answers": [7, 2, 2, 0, 0]}], "eval_points": [{"time": "E-18-13", "learning": 3.6363636363636362, "worklevel": 2.0, "good": 3.4545454545454546, "N": 11}, {"time": "E-17-13", "learning": 3.3636363636363638, "worklevel": 2.090909090909091, "good": 3.4545454545454546, "N": 11}], "grades": [{"time": "2018winter", "N_exam": 9, "N_passed": 9, "exam_avg": 9.1, "grade_dist": [2, 4, 2, 1, 0, 0, 0, 2]}, {"time": "2017winter", "N_exam": 16, "N_passed": 16, "exam_avg": 8.7, "grade_dist": [3, 5, 7, 1, 0, 0, 0, 1, 1]}], "grade_percentile": 75.53501945525292, "eval_percentiles": {"learning": 85.0758180367119, "worklevel": 35.15562649640862, "good": 76.37669592976856}, "composites": {"beer_points": 2.680299931833674, "quality_points": 3.175076608784474, "beer_percentiles": 79.49260042283298, "quality_percentiles": 89.21775898520085}}