{"info": {"language": "Engelsk", "ECTS": 5, "time": "E2B (tors 8-12)", "level": "Kandidat", "name": "Industriel \u00c3\u02dckologi", "course_no": "12142"}, "evals": [{"time": "E-16-13", "N_responses": 14, "learning_answers": [1, 5, 2, 3, 3], "participation_answers": [2, 5, 3, 2, 2], "material_answers": [0, 6, 2, 4, 2], "clear_answers": [1, 5, 1, 4, 3], "connection_answers": [1, 5, 2, 2, 4], "worklevel_answers": [0, 1, 3, 5, 5], "prerequisite_answers": [1, 0, 10, 3, 0], "good_answers": [0, 4, 3, 3, 4]}], "eval_points": [{"time": "E-16-13", "learning": 1.8571428571428572, "worklevel": 3.0, "good": 1.5, "N": 14}], "grades": [{"time": "2018winter", "N_exam": 24, "N_passed": 24, "exam_avg": 9.0, "grade_dist": [4, 10, 9, 1, 0, 0, 0, 1]}], "grade_percentile": 73.08052434456928, "eval_percentiles": {"learning": 5.715396578538103, "worklevel": 92.10730948678072, "good": 4.354587869362364}, "composites": {"beer_points": 1.8404907975460123, "quality_points": 1.8715890850722314, "beer_percentiles": 26.093439363817097, "quality_percentiles": 22.067594433399602}}