{"info": {"language": "Engelsk", "ECTS": 5, "time": "E2B (tors 8-12)", "level": "Kandidat", "name": "Industriel \u00d8kologi", "course_no": "12142"}, "evals": [{"time": "E-16-13", "N_responses": 14, "learning_answers": [1, 5, 2, 3, 3], "participation_answers": [2, 5, 3, 2, 2], "material_answers": [0, 6, 2, 4, 2], "clear_answers": [1, 5, 1, 4, 3], "connection_answers": [1, 5, 2, 2, 4], "worklevel_answers": [0, 1, 3, 5, 5], "prerequisite_answers": [1, 0, 10, 3, 0], "good_answers": [0, 4, 3, 3, 4]}], "eval_points": [{"time": "E-16-13", "learning": 4.642857142857143, "worklevel": 7.5, "good": 3.75, "N": 14}], "grades": [{"time": "2018winter", "N_exam": 24, "N_passed": 24, "exam_avg": 9.0, "grade_dist": [4, 10, 9, 1, 0, 0, 0, 1]}], "course_no": "12142", "grade_percentile": 71.82539682539682, "eval_percentiles": {"learning": 5.835240274599542, "worklevel": 92.10526315789474, "good": 4.500381388253242}, "composites": {"beer_points": 4.342857142857144, "quality_points": 2.6344952649607087, "beer_percentiles": 25.797101449275363, "quality_percentiles": 7.053140096618358}}