{"info": {"language": "English", "ECTS": 5, "time": "Spring F2B (Thurs 8-12)", "level": "MSc", "name": "Regional and global air pollution effects", "course_no": "12227"}, "evals": [{"time": "F-19-13", "N_responses": 25, "learning_answers": [9, 6, 8, 2, 0], "participation_answers": [5, 5, 10, 4, 1], "material_answers": [7, 6, 8, 4, 0], "clear_answers": [3, 6, 12, 2, 2], "connection_answers": [5, 13, 5, 1, 0], "worklevel_answers": [0, 7, 15, 3, 0], "prerequisite_answers": [0, 1, 24, 0, 0], "good_answers": [8, 5, 10, 2, 0]}], "eval_points": [{"time": "F-19-13", "learning": 7.199999999999999, "worklevel": 4.6000000000000005, "good": 6.8999999999999995, "N": 25}], "grades": [{"time": "2018summer", "N_exam": 35, "N_passed": 34, "exam_avg": 7.6, "grade_dist": [1, 13, 15, 5, 0, 1, 0, 1]}], "course_no": "12227", "grade_percentile": 41.44672531769306, "eval_percentiles": {"learning": 36.910994764397905, "worklevel": 21.37870855148342, "good": 38.39441535776614}, "composites": {"beer_points": 6.3324538258575185, "quality_points": 6.069277108433732, "beer_percentiles": 67.20930232558139, "quality_percentiles": 50.58139534883721}}