{"info": {"language": "Engelsk", "ECTS": 5, "time": "F2B (tors 8-12)", "level": "Kandidat", "name": "Regionale og globale luftforureningseffekter", "course_no": "12227"}, "evals": [{"time": "F-19-13", "N_responses": 25, "learning_answers": [9, 6, 8, 2, 0], "participation_answers": [5, 5, 10, 4, 1], "material_answers": [7, 6, 8, 4, 0], "clear_answers": [3, 6, 12, 2, 2], "connection_answers": [5, 13, 5, 1, 0], "worklevel_answers": [0, 7, 15, 3, 0], "prerequisite_answers": [0, 1, 24, 0, 0], "good_answers": [8, 5, 10, 2, 0]}], "eval_points": [{"time": "F-19-13", "learning": 7.199999999999999, "worklevel": 4.6000000000000005, "good": 6.8999999999999995, "N": 25}], "grades": [{"time": "2018summer", "N_exam": 35, "N_passed": 34, "exam_avg": 7.6, "grade_dist": [1, 13, 15, 5, 0, 1, 0, 1]}], "course_no": "12227", "grade_percentile": 44.09486931268151, "eval_percentiles": {"learning": 36.05028386050284, "worklevel": 21.24898621248986, "good": 37.75344687753447}, "composites": {"beer_points": 6.0285714285714285, "quality_points": 6.069277108433732, "beer_percentiles": 68.76310272536688, "quality_percentiles": 51.57232704402516}}