{"info": {"language": "Engelsk", "ECTS": 7.5, "time": "Efter\u00e5r", "level": "Kandidat", "name": "Safety and health effects of aquatic food", "course_no": "23154"}, "evals": [{"time": "E-18-13", "N_responses": 15, "learning_answers": [8, 4, 0, 2, 1], "participation_answers": [8, 5, 0, 2, 0], "material_answers": [8, 5, 0, 2, 0], "clear_answers": [7, 3, 1, 2, 0], "connection_answers": [10, 2, 3, 0, 0], "worklevel_answers": [0, 2, 4, 6, 3], "prerequisite_answers": [1, 1, 9, 4, 0], "good_answers": [9, 3, 0, 2, 0]}], "eval_points": [{"time": "E-18-13", "learning": 7.666666666666667, "worklevel": 6.666666666666666, "good": 7.833333333333333, "N": 15}], "grades": [{"time": "2018winter", "N_exam": 5, "N_passed": 5, "exam_avg": 6.6, "grade_dist": [0, 2, 1, 1, 1, 0, 0, 21]}, {"time": "2013winter", "N_exam": 4, "N_passed": 4, "exam_avg": 7.8, "grade_dist": [0, 1, 3, 0, 0, 0, 0, 2]}], "course_no": "23154", "grade_percentile": 25.422932330827066, "eval_percentiles": {"learning": 49.31350114416476, "worklevel": 83.37147215865751, "good": 59.839816933638446}, "composites": {"beer_points": 3.974096796182686, "quality_points": 5.393076674215465, "beer_percentiles": 14.876847290640393, "quality_percentiles": 35.960591133004925}}