{"info": {"language": "Engelsk", "ECTS": 7.5, "time": "Efter\u00e5r", "level": "Kandidat", "name": "Safety and health effects of aquatic food", "course_no": "23154"}, "evals": [{"time": "E-18-13", "N_responses": 15, "learning_answers": [8, 4, 0, 2, 1], "participation_answers": [8, 5, 0, 2, 0], "material_answers": [8, 5, 0, 2, 0], "clear_answers": [7, 3, 1, 2, 0], "connection_answers": [10, 2, 3, 0, 0], "worklevel_answers": [0, 2, 4, 6, 3], "prerequisite_answers": [1, 1, 9, 4, 0], "good_answers": [9, 3, 0, 2, 0]}], "eval_points": [{"time": "E-18-13", "learning": 3.066666666666667, "worklevel": 2.6666666666666665, "good": 3.1333333333333333, "N": 15}], "grades": [{"time": "2018winter", "N_exam": 5, "N_passed": 5, "exam_avg": 6.6, "grade_dist": [0, 2, 1, 1, 1, 0, 0, 21]}, {"time": "2013winter", "N_exam": 4, "N_passed": 4, "exam_avg": 7.8, "grade_dist": [0, 1, 3, 0, 0, 0, 0, 2]}], "grade_percentile": 24.878758486905916, "eval_percentiles": {"learning": 49.07556270096463, "worklevel": 83.68167202572347, "good": 59.92765273311897}, "composites": {"beer_points": 1.5896387184730745, "quality_points": 2.102156640181612, "beer_percentiles": 14.545454545454545, "quality_percentiles": 31.06951871657754}}