{"info": {"language": "Engelsk", "ECTS": 5, "time": "E5B (ons 13-17)", "level": "Kandidat", "name": "Pr\u00e6diktiv f\u00f8devaremikrobiologi", "course_no": "23210"}, "evals": [{"time": "E-18-13", "N_responses": 9, "learning_answers": [3, 3, 3, 0, 0], "participation_answers": [5, 1, 3, 0, 0], "material_answers": [0, 5, 3, 1, 0], "clear_answers": [0, 3, 5, 1, 0], "connection_answers": [2, 5, 2, 0, 0], "worklevel_answers": [0, 2, 6, 1, 0], "prerequisite_answers": [0, 1, 8, 0, 0], "good_answers": [1, 5, 3, 0, 0]}], "eval_points": [{"time": "E-18-13", "learning": 3.0, "worklevel": 1.8888888888888888, "good": 2.7777777777777777, "N": 9}], "grades": [{"time": "2018winter", "N_exam": 11, "N_passed": 11, "exam_avg": 5.6, "grade_dist": [0, 0, 6, 5, 0, 0, 0, 2]}], "grade_percentile": 14.007782101167315, "eval_percentiles": {"learning": 43.17637669592977, "worklevel": 23.90263367916999, "good": 38.22825219473264}, "composites": {"beer_points": 2.007725516927971, "quality_points": 1.9071161048689134, "beer_percentiles": 35.62367864693446, "quality_percentiles": 23.67864693446089}}