{"info": {"language": "Engelsk", "ECTS": 5, "time": "E5B (ons 13-17)", "level": "Kandidat", "name": "Pr\u00e6diktiv f\u00f8devaremikrobiologi", "course_no": "23210"}, "evals": [{"time": "E-18-13", "N_responses": 9, "learning_answers": [3, 3, 3, 0, 0], "participation_answers": [5, 1, 3, 0, 0], "material_answers": [0, 5, 3, 1, 0], "clear_answers": [0, 3, 5, 1, 0], "connection_answers": [2, 5, 2, 0, 0], "worklevel_answers": [0, 2, 6, 1, 0], "prerequisite_answers": [0, 1, 8, 0, 0], "good_answers": [1, 5, 3, 0, 0]}], "eval_points": [{"time": "E-18-13", "learning": 7.5, "worklevel": 4.722222222222222, "good": 6.944444444444445, "N": 9}], "grades": [{"time": "2018winter", "N_exam": 11, "N_passed": 11, "exam_avg": 5.6, "grade_dist": [0, 0, 6, 5, 0, 0, 0, 2]}], "course_no": "23210", "grade_percentile": 9.89010989010989, "eval_percentiles": {"learning": 44.292803970223325, "worklevel": 24.02812241521919, "good": 38.75103391232423}, "composites": {"beer_points": 5.180299032541777, "quality_points": 5.24457892082703, "beer_percentiles": 33.225806451612904, "quality_percentiles": 33.655913978494624}}