{"info": {"language": "Engelsk", "ECTS": 5, "time": "Januar", "level": "Kandidat", "name": "Genetiske metoder inden for akvakultur", "course_no": "25315"}, "grades": [{"time": "2014winter", "N_exam": 4, "N_passed": 4, "exam_avg": 11.0, "grade_dist": [2, 2, 0, 0, 0, 0, 0, 1]}, {"time": "2010winter", "N_exam": 5, "N_passed": 5, "exam_avg": 10.2, "grade_dist": [2, 2, 1, 0, 0, 0, 0, 1]}], "course_no": "25315", "grade_percentile": 84.5919610231425, "eval_percentiles": {"learning": 44.152360515021456, "worklevel": 36.212446351931334, "good": 20.547210300429185}, "composites": {"beer_points": 7.176781002638522, "quality_points": 6.640986132511556, "beer_percentiles": 85.54964539007092, "quality_percentiles": 60.46099290780142}}