{"info": {"language": "Engelsk", "ECTS": 5, "time": "Juni", "level": "Kandidat", "name": "Fiskerigenetik og conservation af akvatisk biodiversitet", "course_no": "25313"}, "grades": [{"time": "2017summer", "N_exam": 5, "N_passed": 5, "exam_avg": 9.8, "grade_dist": [1, 3, 1, 0, 0, 0, 0, 1]}, {"time": "2014summer", "N_exam": 7, "N_passed": 7, "exam_avg": 10.1, "grade_dist": [2, 4, 1, 0, 0, 0, 0, 1]}], "course_no": "25313", "grade_percentile": 49.42028985507246, "eval_percentiles": {"learning": 82.26086956521739, "worklevel": 16.956521739130434, "good": 91.21739130434783}, "composites": {"beer_points": 6.666666666666665, "quality_points": 8.232931726907632, "beer_percentiles": 76.55334114888629, "quality_percentiles": 92.73153575615474}}