{"info": {"language": "Engelsk", "ECTS": 5, "time": "F1B (tors 13-17)", "level": "Kandidat", "name": "Fiskeern\u00e6ring og bioenergetik", "course_no": "25321"}, "evals": [{"time": "E-18-13", "N_responses": 3, "learning_answers": [1, 1, 1, 0, 0], "participation_answers": [0, 2, 1, 0, 0], "material_answers": [0, 1, 2, 0, 0], "clear_answers": [0, 1, 0, 2, 0], "connection_answers": [0, 2, 1, 0, 0], "worklevel_answers": [0, 0, 1, 2, 0], "prerequisite_answers": [0, 0, 3, 0, 0], "good_answers": [1, 2, 0, 0, 0]}, {"time": "E-14-13", "N_responses": 7, "learning_answers": [4, 1, 2, 0, 0], "participation_answers": [5, 0, 1, 1, 0], "material_answers": [3, 1, 1, 1, 1], "clear_answers": [4, 1, 2, 0, 0], "connection_answers": [4, 1, 0, 2, 0], "worklevel_answers": [0, 0, 5, 1, 1], "prerequisite_answers": [0, 0, 6, 0, 1], "good_answers": [5, 0, 2, 0, 0]}], "eval_points": [{"time": "E-18-13", "learning": 3.0, "worklevel": 2.6666666666666665, "good": 3.3333333333333335, "N": 3}, {"time": "E-14-13", "learning": 3.2857142857142856, "worklevel": 2.4285714285714284, "good": 3.4285714285714284, "N": 7}], "grades": [{"time": "2018winter", "N_exam": 8, "N_passed": 7, "exam_avg": 6.0, "grade_dist": [1, 1, 2, 3, 0, 1, 0, 1]}, {"time": "2014winter", "N_exam": 9, "N_passed": 8, "exam_avg": 7.3, "grade_dist": [2, 2, 3, 1, 0, 0, 1, 1]}], "grade_percentile": 18.09338521400778, "eval_percentiles": {"learning": 43.17637669592977, "worklevel": 83.32003192338388, "good": 70.55067837190742}, "composites": {"beer_points": 1.4587593728698023, "quality_points": 1.9550561797752812, "beer_percentiles": 10.940803382663848, "quality_percentiles": 25.58139534883721}}