{"info": {"language": "Engelsk", "ECTS": 5, "time": "E5A (ons 8-12)", "level": "Kandidat", "name": "Genomiske metoder til avl og forvaltning af vandlevende ressourcer", "course_no": "25334"}, "grades": [{"time": "2020winter", "N_exam": 5, "N_passed": 5, "exam_avg": 11.6, "grade_dist": [4, 1, 0, 0, 0, 0, 0, 1]}, {"time": "2019winter", "N_exam": 5, "N_passed": 5, "exam_avg": 7.0, "grade_dist": [0, 1, 3, 1, 0, 0, 0, 2]}], "course_no": "25334", "grade_percentile": 87.91208791208791, "eval_percentiles": {"learning": 70.84367245657569, "worklevel": 92.10090984284533, "good": 84.8221670802316}, "composites": {"beer_points": 5.303430079155673, "quality_points": 7.367624810892588, "beer_percentiles": 36.29032258064516, "quality_percentiles": 79.6236559139785}}