{"info": {"language": "Engelsk", "ECTS": 5, "time": "E2A (man 13-17)", "level": "Bachelor", "name": "Grundl\u00e6ggende kemi p\u00e5 engelsk", "course_no": "26028"}, "evals": [{"time": "E-17-13", "N_responses": 26, "learning_answers": [3, 9, 9, 3, 2], "participation_answers": [2, 7, 13, 4, 0], "material_answers": [3, 10, 8, 2, 2], "clear_answers": [3, 2, 11, 5, 4], "connection_answers": [2, 8, 12, 2, 1], "worklevel_answers": [4, 8, 13, 1, 0], "prerequisite_answers": [0, 3, 22, 1, 0], "good_answers": [3, 8, 9, 6, 0]}], "eval_points": [{"time": "E-17-13", "learning": 5.769230769230768, "worklevel": 3.557692307692308, "good": 5.769230769230768, "N": 26}], "grades": [{"time": "2018winter", "N_exam": 128, "N_passed": 112, "exam_avg": 5.0, "grade_dist": [11, 21, 18, 29, 33, 11, 5, 13]}, {"time": "2017summer", "N_exam": 18, "N_passed": 12, "exam_avg": 3.5, "grade_dist": [1, 0, 5, 2, 4, 6, 0, 2]}, {"time": "2017winter", "N_exam": 96, "N_passed": 75, "exam_avg": 4.8, "grade_dist": [5, 17, 21, 24, 8, 10, 11, 6]}, {"time": "2016winter", "N_exam": 155, "N_passed": 125, "exam_avg": 5.2, "grade_dist": [19, 20, 39, 23, 24, 19, 11, 9]}], "course_no": "26028", "grade_percentile": 10.469483568075118, "eval_percentiles": {"learning": 14.76664116296863, "worklevel": 4.131599081866871, "good": 18.706962509563887}, "composites": {"beer_points": 5.64469613549368, "quality_points": 4.440932732747678, "beer_percentiles": 53.30700888450148, "quality_percentiles": 16.880552813425467}}