{"info": {"language": "Engelsk", "ECTS": 5, "time": "E2A (man 13-17)", "level": "Bachelor", "name": "Grundl\u00e6ggende kemi for \"General Engineering\" studerende", "course_no": "26030"}, "evals": [{"time": "E-17-13", "N_responses": 68, "learning_answers": [25, 29, 12, 2, 0], "participation_answers": [21, 28, 13, 3, 2], "material_answers": [25, 31, 6, 4, 1], "clear_answers": [12, 20, 22, 7, 6], "connection_answers": [23, 28, 6, 6, 2], "worklevel_answers": [4, 13, 37, 11, 2], "prerequisite_answers": [4, 2, 56, 3, 1], "good_answers": [25, 32, 5, 3, 2]}], "eval_points": [{"time": "E-17-13", "learning": 7.830882352941177, "worklevel": 4.705882352941177, "good": 7.683823529411765, "N": 68}], "grades": [{"time": "2019summer", "N_exam": 17, "N_passed": 10, "exam_avg": 2.3, "grade_dist": [0, 0, 3, 2, 5, 7, 0, 2]}, {"time": "2018summer", "N_exam": 18, "N_passed": 15, "exam_avg": 5.3, "grade_dist": [2, 3, 1, 8, 1, 3, 0, 2]}, {"time": "2017summer", "N_exam": 12, "N_passed": 8, "exam_avg": 2.5, "grade_dist": [0, 1, 0, 3, 4, 4, 0, 2]}], "course_no": "26030", "grade_percentile": 23.0225988700565, "eval_percentiles": {"learning": 13.493377483443709, "worklevel": 8.526490066225165, "good": 15.2317880794702}, "composites": {"beer_points": 6.0958675512763465, "quality_points": 4.739734943680053, "beer_percentiles": 63.02250803858521, "quality_percentiles": 20.90032154340836}}