{"info": {"language": "Engelsk", "ECTS": 5, "time": "E2B (tors 8-12)", "level": "Kandidat", "name": "Spektroskopiske metoder", "course_no": "26130"}, "evals": [{"time": "E-15-13", "N_responses": 14, "learning_answers": [4, 6, 2, 2, 0], "participation_answers": [3, 5, 4, 1, 0], "material_answers": [1, 5, 4, 3, 1], "clear_answers": [4, 3, 3, 4, 0], "connection_answers": [2, 9, 1, 1, 0], "worklevel_answers": [0, 0, 10, 1, 3], "prerequisite_answers": [1, 0, 9, 4, 0], "good_answers": [3, 8, 1, 2, 0]}, {"time": "E-14-13", "N_responses": 9, "learning_answers": [2, 3, 2, 1, 1], "participation_answers": [2, 1, 3, 3, 0], "material_answers": [1, 2, 2, 3, 1], "clear_answers": [1, 2, 1, 5, 0], "connection_answers": [2, 1, 4, 2, 0], "worklevel_answers": [0, 0, 5, 3, 1], "prerequisite_answers": [0, 5, 3, 0, 1], "good_answers": [1, 4, 0, 3, 1]}], "eval_points": [{"time": "E-15-13", "learning": 7.142857142857143, "worklevel": 6.25, "good": 7.142857142857143, "N": 14}, {"time": "E-14-13", "learning": 6.111111111111112, "worklevel": 6.388888888888888, "good": 5.277777777777778, "N": 9}], "course_no": "26130", "grade_percentile": 63.27683615819209, "eval_percentiles": {"learning": 90.76986754966887, "worklevel": 64.73509933774834, "good": 90.14900662251655}, "composites": {"beer_points": 5.837817063797079, "quality_points": 8.11061490896599, "beer_percentiles": 55.30546623794212, "quality_percentiles": 92.12218649517685}}