{"info": {"language": "English", "ECTS": 5, "time": "Autumn E3A (Tues 8-12)", "level": "MSc", "name": "Biomolecular Chemistry", "course_no": "26422"}, "evals": [{"time": "E-18-13", "N_responses": 14, "learning_answers": [6, 6, 1, 1, 0], "participation_answers": [3, 5, 4, 1, 1], "material_answers": [0, 5, 6, 2, 1], "clear_answers": [1, 1, 7, 2, 3], "connection_answers": [3, 5, 3, 2, 1], "worklevel_answers": [0, 2, 8, 4, 0], "prerequisite_answers": [2, 1, 11, 0, 0], "good_answers": [3, 7, 2, 2, 0]}, {"time": "E-14-13", "N_responses": 11, "learning_answers": [7, 2, 2, 0, 0], "participation_answers": [8, 0, 2, 1, 0], "material_answers": [1, 6, 3, 1, 0], "clear_answers": [2, 2, 4, 3, 0], "connection_answers": [6, 4, 0, 0, 1], "worklevel_answers": [0, 2, 5, 4, 0], "prerequisite_answers": [1, 1, 8, 1, 0], "good_answers": [7, 1, 2, 1, 0]}], "eval_points": [{"time": "E-18-13", "learning": 8.035714285714286, "worklevel": 5.357142857142857, "good": 6.9642857142857135, "N": 14}, {"time": "E-14-13", "learning": 8.636363636363637, "worklevel": 5.454545454545454, "good": 8.181818181818182, "N": 11}], "course_no": "26422", "grade_percentile": 34.3108504398827, "eval_percentiles": {"learning": 89.79057591623037, "worklevel": 44.67713787085515, "good": 85.38394415357766}, "composites": {"beer_points": 5.705804749340369, "quality_points": 7.5263554216867465, "beer_percentiles": 48.25581395348837, "quality_percentiles": 82.5}}