{"info": {"language": "Engelsk", "ECTS": 5, "time": "E4B (fre 8-12)", "level": "Kandidat", "name": "NMR spektroskopi", "course_no": "26438"}, "evals": [{"time": "E-17-13", "N_responses": 12, "learning_answers": [8, 4, 0, 0, 0], "participation_answers": [7, 3, 2, 0, 0], "material_answers": [1, 4, 6, 1, 0], "clear_answers": [4, 5, 2, 1, 0], "connection_answers": [7, 4, 1, 0, 0], "worklevel_answers": [0, 0, 4, 7, 1], "prerequisite_answers": [0, 0, 12, 0, 0], "good_answers": [8, 3, 1, 0, 0]}, {"time": "E-14-13", "N_responses": 13, "learning_answers": [11, 2, 0, 0, 0], "participation_answers": [9, 1, 2, 1, 0], "material_answers": [3, 4, 3, 3, 0], "clear_answers": [4, 4, 2, 1, 1], "connection_answers": [7, 3, 2, 1, 0], "worklevel_answers": [0, 1, 8, 2, 2], "prerequisite_answers": [1, 0, 12, 0, 0], "good_answers": [10, 2, 1, 0, 0]}], "eval_points": [{"time": "E-17-13", "learning": 9.166666666666666, "worklevel": 6.875, "good": 8.958333333333334, "N": 12}, {"time": "E-14-13", "learning": 9.615384615384615, "worklevel": 5.961538461538462, "good": 9.230769230769232, "N": 13}], "course_no": "26438", "grade_percentile": 55.367231638418076, "eval_percentiles": {"learning": 63.24503311258278, "worklevel": 66.80463576158941, "good": 59.395695364238414}, "composites": {"beer_points": 5.579207061565545, "quality_points": 6.809875777085802, "beer_percentiles": 48.39228295819936, "quality_percentiles": 67.68488745980707}}