{"info": {"language": "English", "ECTS": 5, "time": "Spring F2A (Mon 13-17)", "level": "MSc", "name": "Advanced Medicinal Chemistry", "course_no": "26446"}, "evals": [{"time": "F-19-13", "N_responses": 14, "learning_answers": [6, 5, 1, 1, 1], "participation_answers": [11, 3, 0, 0, 0], "material_answers": [5, 5, 4, 0, 0], "clear_answers": [4, 3, 4, 2, 1], "connection_answers": [10, 2, 1, 1, 0], "worklevel_answers": [0, 1, 11, 1, 1], "prerequisite_answers": [0, 2, 10, 1, 1], "good_answers": [6, 4, 4, 0, 0]}], "eval_points": [{"time": "F-19-13", "learning": 7.5, "worklevel": 5.357142857142857, "good": 7.857142857142857, "N": 14}], "grades": [{"time": "2020summer", "N_exam": 24, "N_passed": 24, "exam_avg": 9.6, "grade_dist": [9, 8, 5, 2, 0, 0, 0, 2]}, {"time": "2019summer", "N_exam": 22, "N_passed": 21, "exam_avg": 9.3, "grade_dist": [9, 6, 4, 2, 0, 1, 0, 1, 1]}], "course_no": "26446", "grade_percentile": 61.58357771260997, "eval_percentiles": {"learning": 88.26352530541013, "worklevel": 86.3001745200698, "good": 84.55497382198953}, "composites": {"beer_points": 5.059366754617415, "quality_points": 7.311746987951808, "beer_percentiles": 29.767441860465116, "quality_percentiles": 78.66279069767442}}