{"info": {"language": "Engelsk", "ECTS": 5, "time": "August", "level": "Kandidat", "name": "Assayteknologi", "course_no": "27102"}, "evals": [{"time": "F-19-03AUG", "N_responses": 23, "learning_answers": [12, 10, 1, 0, 0], "participation_answers": [20, 3, 0, 0, 0], "material_answers": [13, 9, 1, 0, 0], "clear_answers": [11, 7, 3, 1, 0], "connection_answers": [14, 9, 0, 0, 0], "worklevel_answers": [1, 3, 16, 3, 0], "prerequisite_answers": [0, 1, 21, 1, 0], "good_answers": [18, 3, 2, 0, 0]}], "eval_points": [{"time": "F-19-03AUG", "learning": 8.695652173913043, "worklevel": 4.782608695652174, "good": 9.23913043478261, "N": 23}], "course_no": "27102", "grade_percentile": 22.846079380445303, "eval_percentiles": {"learning": 73.56042173560422, "worklevel": 27.08840227088402, "good": 73.64152473641525}, "composites": {"beer_points": 5.146103896103896, "quality_points": 6.754175794085433, "beer_percentiles": 45.283018867924525, "quality_percentiles": 68.76310272536688}}