{"info": {"language": "English", "ECTS": 5, "time": "August", "level": "MSc", "name": "Assay technology", "course_no": "27102"}, "evals": [{"time": "F-19-03AUG", "N_responses": 23, "learning_answers": [12, 10, 1, 0, 0], "participation_answers": [20, 3, 0, 0, 0], "material_answers": [13, 9, 1, 0, 0], "clear_answers": [11, 7, 3, 1, 0], "connection_answers": [14, 9, 0, 0, 0], "worklevel_answers": [1, 3, 16, 3, 0], "prerequisite_answers": [0, 1, 21, 1, 0], "good_answers": [18, 3, 2, 0, 0]}], "eval_points": [{"time": "F-19-03AUG", "learning": 8.695652173913043, "worklevel": 4.782608695652174, "good": 9.23913043478261, "N": 23}], "course_no": "27102", "grade_percentile": 25.95307917888563, "eval_percentiles": {"learning": 74.60732984293193, "worklevel": 27.486910994764397, "good": 74.3455497382199}, "composites": {"beer_points": 5.728591988486447, "quality_points": 6.934898685651697, "beer_percentiles": 49.18604651162791, "quality_percentiles": 70.93023255813954}}