{"info": {"language": "Engelsk", "ECTS": 5, "time": "F2B (tors 8-12)", "level": "Kandidat", "name": "Avanceret prokaryot bioteknologi", "course_no": "27220"}, "evals": [{"time": "F-18-13", "N_responses": 21, "learning_answers": [11, 9, 1, 0, 0], "participation_answers": [18, 2, 1, 0, 0], "material_answers": [12, 8, 1, 0, 0], "clear_answers": [1, 8, 8, 2, 2], "connection_answers": [10, 5, 5, 0, 1], "worklevel_answers": [0, 2, 16, 3, 0], "prerequisite_answers": [0, 0, 20, 1, 0], "good_answers": [14, 6, 1, 0, 0]}], "eval_points": [{"time": "F-18-13", "learning": 3.4761904761904763, "worklevel": 2.0476190476190474, "good": 3.619047619047619, "N": 21}], "grades": [{"time": "2019summer", "N_exam": 37, "N_passed": 37, "exam_avg": 10.7, "grade_dist": [25, 6, 4, 2, 0, 0, 0, 5]}, {"time": "2018summer", "N_exam": 28, "N_passed": 26, "exam_avg": 9.1, "grade_dist": [8, 13, 4, 1, 0, 1, 1, 1]}], "course_no": "27220", "grade_percentile": 94.78260869565217, "eval_percentiles": {"learning": 74.78017585931255, "worklevel": 43.56514788169464, "good": 85.53157474020783}, "composites": {"beer_points": 89.10871635203965, "quality_points": 90.78968704394356, "beer_percentiles": 95.55084745762711, "quality_percentiles": 97.03389830508475}}