{"info": {"language": "Engelsk", "ECTS": 5, "time": "F2B (tors 8-12)", "level": "Kandidat", "name": "Avanceret prokaryot bioteknologi", "course_no": "27220"}, "evals": [{"time": "F-18-13", "N_responses": 21, "learning_answers": [11, 9, 1, 0, 0], "participation_answers": [18, 2, 1, 0, 0], "material_answers": [12, 8, 1, 0, 0], "clear_answers": [1, 8, 8, 2, 2], "connection_answers": [10, 5, 5, 0, 1], "worklevel_answers": [0, 2, 16, 3, 0], "prerequisite_answers": [0, 0, 20, 1, 0], "good_answers": [14, 6, 1, 0, 0]}], "eval_points": [{"time": "F-18-13", "learning": 8.69047619047619, "worklevel": 5.119047619047619, "good": 9.047619047619047, "N": 21}], "grades": [{"time": "2019summer", "N_exam": 37, "N_passed": 37, "exam_avg": 10.7, "grade_dist": [25, 6, 4, 2, 0, 0, 0, 5]}, {"time": "2018summer", "N_exam": 28, "N_passed": 26, "exam_avg": 9.1, "grade_dist": [8, 13, 4, 1, 0, 1, 1, 1]}], "course_no": "27220", "grade_percentile": 94.78383458646617, "eval_percentiles": {"learning": 75.24790236460717, "worklevel": 43.85964912280702, "good": 85.73607932875667}, "composites": {"beer_points": 7.4758983347940395, "quality_points": 8.454499237417386, "beer_percentiles": 93.00492610837438, "quality_percentiles": 96.65024630541872}}