{"info": {"language": "Engelsk", "ECTS": 5, "time": "E1A (man 8-12)", "level": "Kandidat", "name": "Eksperimentel enzymteknologi", "course_no": "27247"}, "evals": [{"time": "E-18-13", "N_responses": 12, "learning_answers": [1, 3, 2, 3, 3], "participation_answers": [4, 1, 6, 1, 0], "material_answers": [1, 2, 3, 1, 5], "clear_answers": [2, 2, 3, 2, 3], "connection_answers": [1, 4, 3, 4, 0], "worklevel_answers": [1, 1, 4, 4, 2], "prerequisite_answers": [1, 0, 9, 1, 1], "good_answers": [1, 3, 1, 3, 4]}], "eval_points": [{"time": "E-18-13", "learning": 4.166666666666667, "worklevel": 6.041666666666666, "good": 3.75, "N": 12}], "course_no": "27247", "grade_percentile": 13.700564971751412, "eval_percentiles": {"learning": 57.408940397350996, "worklevel": 43.211920529801326, "good": 46.109271523178805}, "composites": {"beer_points": 4.546502690238278, "quality_points": 5.589144623840604, "beer_percentiles": 23.95498392282958, "quality_percentiles": 40.51446945337621}}