{"info": {"language": "Engelsk", "ECTS": 5, "time": "E1A (man 8-12)", "level": "Kandidat", "name": "Eksperimentel enzymteknologi", "course_no": "27247"}, "evals": [{"time": "E-18-13", "N_responses": 12, "learning_answers": [1, 3, 2, 3, 3], "participation_answers": [4, 1, 6, 1, 0], "material_answers": [1, 2, 3, 1, 5], "clear_answers": [2, 2, 3, 2, 3], "connection_answers": [1, 4, 3, 4, 0], "worklevel_answers": [1, 1, 4, 4, 2], "prerequisite_answers": [1, 0, 9, 1, 1], "good_answers": [1, 3, 1, 3, 4]}], "eval_points": [{"time": "E-18-13", "learning": 4.166666666666667, "worklevel": 6.041666666666666, "good": 3.75, "N": 12}], "grades": [{"time": "2020winter", "N_exam": 14, "N_passed": 13, "exam_avg": 9.3, "grade_dist": [5, 4, 3, 0, 0, 1, 0, 1, 0]}, {"time": "2018winter", "N_exam": 22, "N_passed": 22, "exam_avg": 9.1, "grade_dist": [1, 10, 6, 0, 0, 0, 0, 5, 0]}], "course_no": "27247", "grade_percentile": 11.814859926918393, "eval_percentiles": {"learning": 57.832618025751074, "worklevel": 43.18669527896996, "good": 45.493562231759654}, "composites": {"beer_points": 4.986807387862797, "quality_points": 5.701078582434516, "beer_percentiles": 27.127659574468087, "quality_percentiles": 40.42553191489362}}