{"info": {"language": "English", "ECTS": 5, "time": "Autumn E3A (Tues 8-12)", "level": "MSc", "name": "Applied enzyme technology and kinetics", "course_no": "27246"}, "evals": [{"time": "E-18-13", "N_responses": 22, "learning_answers": [4, 13, 3, 1, 1], "participation_answers": [3, 6, 8, 4, 0], "material_answers": [2, 6, 6, 5, 2], "clear_answers": [2, 8, 4, 5, 1], "connection_answers": [5, 10, 3, 2, 1], "worklevel_answers": [1, 4, 12, 3, 1], "prerequisite_answers": [1, 0, 20, 0, 0], "good_answers": [4, 10, 5, 1, 1]}], "eval_points": [{"time": "E-18-13", "learning": 7.045454545454546, "worklevel": 4.659090909090909, "good": 6.477272727272727, "N": 22}], "grades": [{"time": "2019winter", "N_exam": 41, "N_passed": 39, "exam_avg": 8.4, "grade_dist": [6, 17, 13, 3, 0, 2, 0, 2]}, {"time": "2018winter", "N_exam": 42, "N_passed": 33, "exam_avg": 5.4, "grade_dist": [5, 8, 8, 4, 8, 9, 0, 8]}], "course_no": "27246", "grade_percentile": 90.27370478983383, "eval_percentiles": {"learning": 76.30890052356021, "worklevel": 44.4153577661431, "good": 86.2129144851658}, "composites": {"beer_points": 7.293629852996609, "quality_points": 8.653184165232357, "beer_percentiles": 88.72093023255815, "quality_percentiles": 96.16279069767442}}