{"info": {"language": "Engelsk", "ECTS": 5, "time": "E1A (man 8-12)", "level": "Kandidat", "name": "Eksperimentel enzymteknologi", "course_no": "27247"}, "evals": [{"time": "E-18-13", "N_responses": 12, "learning_answers": [1, 3, 2, 3, 3], "participation_answers": [4, 1, 6, 1, 0], "material_answers": [1, 2, 3, 1, 5], "clear_answers": [2, 2, 3, 2, 3], "connection_answers": [1, 4, 3, 4, 0], "worklevel_answers": [1, 1, 4, 4, 2], "prerequisite_answers": [1, 0, 9, 1, 1], "good_answers": [1, 3, 1, 3, 4]}], "eval_points": [{"time": "E-18-13", "learning": 4.166666666666667, "worklevel": 6.041666666666666, "good": 3.75, "N": 12}], "grades": [{"time": "2018winter", "N_exam": 22, "N_passed": 22, "exam_avg": 9.1, "grade_dist": [1, 10, 6, 0, 0, 0, 0, 5, 0]}], "course_no": "27247", "grade_percentile": 22.846079380445303, "eval_percentiles": {"learning": 57.46147607461476, "worklevel": 42.9845904298459, "good": 46.30981346309814}, "composites": {"beer_points": 4.9142857142857155, "quality_points": 5.888554216867471, "beer_percentiles": 39.465408805031444, "quality_percentiles": 46.64570230607966}}