{"info": {"language": "Engelsk", "ECTS": 5, "time": "E3A (tirs 8-12)", "level": "Kandidat", "name": "Anvendt enzymteknologi og kinetik", "course_no": "27246"}, "evals": [{"time": "E-18-13", "N_responses": 22, "learning_answers": [4, 13, 3, 1, 1], "participation_answers": [3, 6, 8, 4, 0], "material_answers": [2, 6, 6, 5, 2], "clear_answers": [2, 8, 4, 5, 1], "connection_answers": [5, 10, 3, 2, 1], "worklevel_answers": [1, 4, 12, 3, 1], "prerequisite_answers": [1, 0, 20, 0, 0], "good_answers": [4, 10, 5, 1, 1]}], "eval_points": [{"time": "E-18-13", "learning": 7.045454545454546, "worklevel": 4.659090909090909, "good": 6.477272727272727, "N": 22}], "course_no": "27246", "grade_percentile": 90.01218026796589, "eval_percentiles": {"learning": 76.60944206008584, "worklevel": 43.723175965665234, "good": 85.72961373390558}, "composites": {"beer_points": 7.293629852996609, "quality_points": 8.806955756108298, "beer_percentiles": 87.76595744680851, "quality_percentiles": 96.98581560283688}}