{"info": {"language": "Engelsk", "ECTS": 5, "time": "E3A (tirs 8-12)", "level": "Kandidat", "name": "Anvendt enzymteknologi og kinetik", "course_no": "27246"}, "evals": [{"time": "E-18-13", "N_responses": 22, "learning_answers": [4, 13, 3, 1, 1], "participation_answers": [3, 6, 8, 4, 0], "material_answers": [2, 6, 6, 5, 2], "clear_answers": [2, 8, 4, 5, 1], "connection_answers": [5, 10, 3, 2, 1], "worklevel_answers": [1, 4, 12, 3, 1], "prerequisite_answers": [1, 0, 20, 0, 0], "good_answers": [4, 10, 5, 1, 1]}], "eval_points": [{"time": "E-18-13", "learning": 7.045454545454546, "worklevel": 4.659090909090909, "good": 6.477272727272727, "N": 22}], "grades": [{"time": "2018winter", "N_exam": 42, "N_passed": 33, "exam_avg": 5.4, "grade_dist": [5, 8, 8, 4, 8, 9, 0, 8]}], "course_no": "27246", "grade_percentile": 12.081128747795415, "eval_percentiles": {"learning": 32.34172387490465, "worklevel": 23.49351639969489, "good": 29.93897787948131}, "composites": {"beer_points": 4.720779220779221, "quality_points": 4.483908193358122, "beer_percentiles": 33.429951690821255, "quality_percentiles": 25.99033816425121}}