{"info": {"language": "Engelsk", "ECTS": 5, "time": "E3A (tirs 8-12)", "level": "Kandidat", "name": "Metabolom- og proteomanalyse", "course_no": "27423"}, "grades": [{"time": "2020winter", "N_exam": 68, "N_passed": 64, "exam_avg": 9.4, "grade_dist": [32, 19, 6, 6, 1, 4, 0, 3, 3]}, {"time": "2019winter", "N_exam": 57, "N_passed": 56, "exam_avg": 9.5, "grade_dist": [22, 18, 9, 6, 1, 0, 0, 0, 1, 3]}], "course_no": "27423", "grade_percentile": 87.91208791208791, "eval_percentiles": {"learning": 62.61373035566584, "worklevel": 43.34160463192721, "good": 51.116625310173696}, "composites": {"beer_points": 7.188088955898983, "quality_points": 7.637778258050573, "beer_percentiles": 86.34408602150538, "quality_percentiles": 84.83870967741936}}