{"info": {"language": "Engelsk", "ECTS": 5, "time": "E3A (tirs 8-12)", "level": "Kandidat", "name": "Metabolom- og proteomanalyse", "course_no": "27423"}, "grades": [{"time": "2020winter", "N_exam": 68, "N_passed": 64, "exam_avg": 9.4, "grade_dist": [32, 19, 6, 6, 1, 4, 0, 2, 4]}, {"time": "2019winter", "N_exam": 57, "N_passed": 56, "exam_avg": 9.5, "grade_dist": [22, 18, 9, 6, 1, 0, 0, 0, 1, 3]}], "course_no": "27423", "grade_percentile": 87.63702801461632, "eval_percentiles": {"learning": 63.358369098712444, "worklevel": 43.723175965665234, "good": 50.3755364806867}, "composites": {"beer_points": 7.188088955898983, "quality_points": 7.779000660356592, "beer_percentiles": 85.99290780141844, "quality_percentiles": 84.9290780141844}}