{"info": {"language": "Engelsk", "ECTS": 8, "time": "Juli", "level": "Bachelor", "name": "Stor skala \u00c3\u00b8velser i kemiske enhedsoperationer", "course_no": "28123"}, "evals": [{"time": "F-19-03JUL", "N_responses": 9, "learning_answers": [7, 2, 0, 0, 0], "participation_answers": [6, 3, 0, 0, 0], "material_answers": [6, 3, 0, 0, 0], "clear_answers": [3, 2, 3, 1, 0], "connection_answers": [5, 1, 3, 0, 0], "worklevel_answers": [1, 0, 3, 0, 5], "prerequisite_answers": [1, 0, 7, 1, 0], "good_answers": [4, 3, 1, 0, 1]}], "eval_points": [{"time": "F-19-03JUL", "learning": 3.7777777777777777, "worklevel": 2.888888888888889, "good": 3.0, "N": 9}], "grades": [{"time": "2016summer", "N_exam": 68, "N_passed": 68, "exam_avg": 9.6, "grade_dist": [10, 42, 16, 0, 0, 0, 0, 2]}], "grade_percentile": 83.66104868913858, "eval_percentiles": {"learning": 91.01866251944013, "worklevel": 88.88024883359253, "good": 51.01088646967341}, "composites": {"beer_points": 2.0622585775960007, "quality_points": 2.9857677902621718, "beer_percentiles": 39.363817097415506, "quality_percentiles": 82.0079522862823}}