{"info": {"language": "Engelsk", "ECTS": 5, "time": "Juni", "level": "Kandidat", "name": "Termisk forgasning og b\u00e6redygtighed", "course_no": "28271"}, "evals": [{"time": "F-17-03JUN", "N_responses": 3, "learning_answers": [1, 1, 0, 1, 0], "participation_answers": [2, 0, 0, 1, 0], "material_answers": [1, 0, 0, 1, 1], "clear_answers": [1, 0, 0, 2, 0], "connection_answers": [1, 0, 0, 0, 2], "worklevel_answers": [0, 0, 0, 1, 2], "prerequisite_answers": [0, 0, 2, 1, 0], "good_answers": [1, 1, 0, 0, 1]}], "eval_points": [{"time": "F-17-03JUN", "learning": 6.666666666666666, "worklevel": 9.166666666666666, "good": 5.833333333333334, "N": 3}], "course_no": "28271", "grade_percentile": 9.322033898305085, "eval_percentiles": {"learning": 51.07615894039735, "worklevel": 42.79801324503311, "good": 36.09271523178808}, "composites": {"beer_points": 4.075710991544965, "quality_points": 4.888354517347991, "beer_percentiles": 17.524115755627008, "quality_percentiles": 23.794212218649516}}