{"info": {"language": "English", "ECTS": 5, "time": "June", "level": "MSc", "name": "Thermal gasification and sustainability", "course_no": "28271"}, "evals": [{"time": "F-17-03JUN", "N_responses": 3, "learning_answers": [1, 1, 0, 1, 0], "participation_answers": [2, 0, 0, 1, 0], "material_answers": [1, 0, 0, 1, 1], "clear_answers": [1, 0, 0, 2, 0], "connection_answers": [1, 0, 0, 0, 2], "worklevel_answers": [0, 0, 0, 1, 2], "prerequisite_answers": [0, 0, 2, 1, 0], "good_answers": [1, 1, 0, 0, 1]}], "eval_points": [{"time": "F-17-03JUN", "learning": 6.666666666666666, "worklevel": 9.166666666666666, "good": 5.833333333333334, "N": 3}], "course_no": "28271", "grade_percentile": 8.406647116324535, "eval_percentiles": {"learning": 52.181500872600346, "worklevel": 43.455497382198956, "good": 37.17277486910995}, "composites": {"beer_points": 4.577836411609498, "quality_points": 4.894578313253013, "beer_percentiles": 20.058139534883722, "quality_percentiles": 27.093023255813954}}