{"info": {"language": "Engelsk", "ECTS": 5, "time": "Juni", "level": "Kandidat", "name": "Termisk forgasning og b\u00e6redygtighed", "course_no": "28271"}, "evals": [{"time": "F-17-03JUN", "N_responses": 3, "learning_answers": [1, 1, 0, 1, 0], "participation_answers": [2, 0, 0, 1, 0], "material_answers": [1, 0, 0, 1, 1], "clear_answers": [1, 0, 0, 2, 0], "connection_answers": [1, 0, 0, 0, 2], "worklevel_answers": [0, 0, 0, 1, 2], "prerequisite_answers": [0, 0, 2, 1, 0], "good_answers": [1, 1, 0, 0, 1]}], "eval_points": [{"time": "F-17-03JUN", "learning": 6.666666666666666, "worklevel": 9.166666666666666, "good": 5.833333333333334, "N": 3}], "course_no": "28271", "grade_percentile": 6.043956043956044, "eval_percentiles": {"learning": 51.44747725392887, "worklevel": 42.4317617866005, "good": 36.55913978494624}, "composites": {"beer_points": 4.577836411609498, "quality_points": 4.8714069591528, "beer_percentiles": 19.247311827956988, "quality_percentiles": 25.591397849462364}}