{"info": {"language": "English", "ECTS": 10, "time": "Autumn E2A (Mon 13-17)  and  January", "level": "MSc", "name": "Chemical and Biochemical Product Design", "course_no": "28310"}, "grades": [{"time": "2013winter", "N_exam": 36, "N_passed": 36, "exam_avg": 9.0, "grade_dist": [5, 17, 13, 1, 0, 0, 0, 6]}, {"time": "2012winter", "N_exam": 32, "N_passed": 32, "exam_avg": 8.3, "grade_dist": [2, 16, 9, 5, 0, 0, 0, 4]}, {"time": "2011winter", "N_exam": 30, "N_passed": 30, "exam_avg": 8.7, "grade_dist": [2, 15, 12, 0, 1, 0, 0, 5]}, {"time": "2010winter", "N_exam": 42, "N_passed": 40, "exam_avg": 8.9, "grade_dist": [9, 19, 10, 1, 1, 2, 0, 1]}], "course_no": "28310", "grade_percentile": 82.01368523949169, "eval_percentiles": {"learning": 33.333333333333336, "worklevel": 58.07155322862129, "good": 46.9022687609075}, "composites": {"beer_points": 6.614572762330019, "quality_points": 6.677479147358664, "beer_percentiles": 74.53488372093024, "quality_percentiles": 66.51162790697674}}