{"info": {"language": "English", "ECTS": 7.5, "time": "Spring F2A (Mon 13-17)", "level": "MSc", "name": "Optimising Plantwide Control", "course_no": "28451"}, "grades": [{"time": "2014summer", "N_exam": 27, "N_passed": 27, "exam_avg": 9.9, "grade_dist": [9, 12, 5, 1, 0, 0, 0, 2]}, {"time": "2013summer", "N_exam": 11, "N_passed": 11, "exam_avg": 9.8, "grade_dist": [2, 7, 2, 0, 0, 0, 0, 5]}], "course_no": "28451", "grade_percentile": 63.78299120234604, "eval_percentiles": {"learning": 39.57242582897033, "worklevel": 17.102966841186735, "good": 51.52705061082025}, "composites": {"beer_points": 7.061927673444048, "quality_points": 6.991495393338057, "beer_percentiles": 84.4186046511628, "quality_percentiles": 72.44186046511628}}