{"info": {"language": "Engelsk", "ECTS": 10, "time": "E1B (tors 13-17)  og  Januar", "level": "Kandidat", "name": "Biobusiness og procesinnovation", "course_no": "28480"}, "grades": [{"time": "2020winter", "N_exam": 142, "N_passed": 142, "exam_avg": 10.4, "grade_dist": [45, 85, 12, 0, 0, 0, 0, 6]}, {"time": "2019winter", "N_exam": 110, "N_passed": 110, "exam_avg": 9.4, "grade_dist": [18, 60, 29, 3, 0, 0, 0, 3]}], "course_no": "28480", "grade_percentile": 86.44688644688645, "eval_percentiles": {"learning": 77.99834574028122, "worklevel": 84.53267162944583, "good": 79.56989247311827}, "composites": {"beer_points": 5.844327176781002, "quality_points": 7.662632375189107, "beer_percentiles": 51.505376344086024, "quality_percentiles": 85.3763440860215}}