{"info": {"language": "Dansk", "ECTS": 5, "time": "E5B (ons 13-17)", "level": "Bachelor", "name": "Geo- og planetfysik I", "course_no": "30131"}, "grades": [{"time": "2020winter", "N_exam": 46, "N_passed": 44, "exam_avg": 7.0, "grade_dist": [7, 11, 11, 10, 5, 2, 0, 12]}, {"time": "2019winter", "N_exam": 42, "N_passed": 35, "exam_avg": 5.7, "grade_dist": [3, 10, 13, 7, 2, 1, 6, 1]}], "course_no": "30131", "grade_percentile": 80.86080586080585, "eval_percentiles": {"learning": 70.84367245657569, "worklevel": 87.09677419354838, "good": 51.116625310173696}, "composites": {"beer_points": 5.488126649076518, "quality_points": 6.7322239031770055, "beer_percentiles": 40.75268817204301, "quality_percentiles": 65.59139784946237}}