{"info": {"language": "Dansk", "ECTS": 5, "time": "F5B (ons 13-17)", "level": "Bachelor", "name": "Geo", "course_no": "30141"}, "evals": [{"time": "F-19-13", "N_responses": 19, "learning_answers": [4, 7, 4, 3, 1], "participation_answers": [3, 5, 5, 3, 3], "material_answers": [3, 2, 6, 6, 2], "clear_answers": [3, 5, 6, 3, 2], "connection_answers": [4, 5, 7, 2, 1], "worklevel_answers": [4, 1, 12, 1, 1], "prerequisite_answers": [0, 0, 16, 2, 1], "good_answers": [4, 7, 4, 3, 1]}, {"time": "F-18-13", "N_responses": 9, "learning_answers": [1, 5, 2, 1, 0], "participation_answers": [0, 2, 5, 1, 1], "material_answers": [0, 2, 3, 2, 2], "clear_answers": [0, 1, 4, 3, 1], "connection_answers": [0, 4, 4, 0, 1], "worklevel_answers": [2, 3, 4, 0, 0], "prerequisite_answers": [0, 0, 9, 0, 0], "good_answers": [0, 4, 4, 1, 0]}], "eval_points": [{"time": "F-19-13", "learning": 2.526315789473684, "worklevel": 1.6842105263157894, "good": 2.526315789473684, "N": 19}, {"time": "F-18-13", "learning": 2.6666666666666665, "worklevel": 1.2222222222222223, "good": 2.3333333333333335, "N": 9}], "grades": [{"time": "2019summer", "N_exam": 49, "N_passed": 40, "exam_avg": 5.3, "grade_dist": [5, 5, 15, 10, 5, 7, 2, 2]}, {"time": "2018summer", "N_exam": 31, "N_passed": 29, "exam_avg": 7.4, "grade_dist": [4, 9, 10, 5, 1, 2, 0, 6]}], "grade_percentile": 11.964980544747082, "eval_percentiles": {"learning": 20.590582601755788, "worklevel": 12.68954509177973, "good": 27.13487629688747}, "composites": {"beer_points": 2.109711907580813, "quality_points": 1.6858663512714367, "beer_percentiles": 42.38900634249472, "quality_percentiles": 15.3276955602537}}