{"info": {"language": "Engelsk", "ECTS": 10, "time": "E5 (ons 8-17)", "level": "Kandidat", "name": "Introduktion til satellitsystemer", "course_no": "30300"}, "grades": [{"time": "2016winter", "N_exam": 28, "N_passed": 27, "exam_avg": 7.4, "grade_dist": [1, 10, 11, 5, 0, 0, 1, 1]}, {"time": "2015winter", "N_exam": 20, "N_passed": 18, "exam_avg": 8.5, "grade_dist": [4, 10, 4, 0, 0, 0, 2, 2]}, {"time": "2013winter", "N_exam": 17, "N_passed": 15, "exam_avg": 7.1, "grade_dist": [0, 8, 5, 2, 0, 1, 1, 1]}, {"time": "2010winter", "N_exam": 29, "N_passed": 27, "exam_avg": 8.1, "grade_dist": [4, 12, 8, 2, 1, 2, 0, 2]}], "course_no": "30300", "grade_percentile": 28.356807511737088, "eval_percentiles": {"learning": 90.01530221882173, "worklevel": 16.067329762815607, "good": 89.97704667176741}, "composites": {"beer_points": 5.957736877982276, "quality_points": 7.6221287609187955, "beer_percentiles": 62.58637709772952, "quality_percentiles": 88.45014807502469}}