{"info": {"language": "Engelsk", "ECTS": 10, "time": "E5 (ons 8-17)", "level": "Kandidat", "name": "Introduktion til satellitsystemer", "course_no": "30300"}, "grades": [{"time": "2016winter", "N_exam": 28, "N_passed": 27, "exam_avg": 7.4, "grade_dist": [1, 10, 11, 5, 0, 0, 1, 1]}, {"time": "2015winter", "N_exam": 20, "N_passed": 18, "exam_avg": 8.5, "grade_dist": [4, 10, 4, 0, 0, 0, 2, 2]}, {"time": "2013winter", "N_exam": 17, "N_passed": 15, "exam_avg": 7.1, "grade_dist": [0, 8, 5, 2, 0, 1, 1, 1]}, {"time": "2010winter", "N_exam": 29, "N_passed": 27, "exam_avg": 8.1, "grade_dist": [4, 12, 8, 2, 1, 2, 0, 2]}], "course_no": "30300", "grade_percentile": 28.21256038647343, "eval_percentiles": {"learning": 89.92805755395683, "worklevel": 15.667466027178257, "good": 89.80815347721823}, "composites": {"beer_points": 58.108761694602734, "quality_points": 69.01248581157775, "beer_percentiles": 30.614406779661017, "quality_percentiles": 67.95550847457628}}