{"info": {"language": "Engelsk", "ECTS": 10, "time": "E4 (tirs 13-17, fre 8-12)", "level": "Kandidat", "name": "Telem\u00e5ling", "course_no": "30350"}, "evals": [{"time": "E-15-13", "N_responses": 11, "learning_answers": [6, 4, 0, 1, 0], "participation_answers": [5, 4, 0, 1, 1], "material_answers": [5, 3, 2, 1, 0], "clear_answers": [2, 2, 7, 0, 0], "connection_answers": [4, 4, 2, 0, 1], "worklevel_answers": [1, 1, 7, 2, 0], "prerequisite_answers": [0, 0, 9, 1, 1], "good_answers": [5, 4, 0, 2, 0]}], "eval_points": [{"time": "E-15-13", "learning": 8.40909090909091, "worklevel": 4.772727272727273, "good": 7.727272727272727, "N": 11}], "course_no": "30350", "grade_percentile": 57.48587570621469, "eval_percentiles": {"learning": 29.263245033112582, "worklevel": 49.29635761589404, "good": 50.74503311258278}, "composites": {"beer_points": 6.0967524980784, "quality_points": 6.398144967365166, "beer_percentiles": 63.18327974276527, "quality_percentiles": 57.39549839228296}}