{"info": {"language": "Engelsk", "ECTS": 5, "time": "E4A (tirs 13-17)", "level": "Kandidat", "name": "Introduktion til digital kortl\u00e6gning og GIS", "course_no": "30532"}, "grades": [{"time": "2020winter", "N_exam": 30, "N_passed": 30, "exam_avg": 9.0, "grade_dist": [11, 7, 8, 2, 2, 0, 0, 1]}, {"time": "2015winter", "N_exam": 30, "N_passed": 30, "exam_avg": 7.9, "grade_dist": [3, 8, 15, 4, 0, 0, 0, 2]}, {"time": "2014winter", "N_exam": 23, "N_passed": 23, "exam_avg": 8.4, "grade_dist": [3, 6, 14, 0, 0, 0, 0, 4]}, {"time": "2013winter", "N_exam": 5, "N_passed": 5, "exam_avg": 11.2, "grade_dist": [3, 2, 0, 0, 0, 0, 0, 5]}], "course_no": "30532", "grade_percentile": 57.005494505494504, "eval_percentiles": {"learning": 59.55334987593052, "worklevel": 35.359801488833746, "good": 37.84119106699752}, "composites": {"beer_points": 6.437994722955145, "quality_points": 6.641452344931921, "beer_percentiles": 68.44086021505376, "quality_percentiles": 63.494623655913976}}