{"info": {"language": "Engelsk", "ECTS": 5, "time": "F2A (man 13-17)", "level": "Kandidat", "name": "Klimaforandring - fysik og observationer", "course_no": "30754"}, "evals": [{"time": "F-18-13", "N_responses": 14, "learning_answers": [8, 6, 0, 0, 0], "participation_answers": [10, 4, 0, 0, 0], "material_answers": [5, 8, 1, 0, 0], "clear_answers": [4, 2, 5, 1, 1], "connection_answers": [6, 6, 1, 1, 0], "worklevel_answers": [0, 3, 10, 1, 0], "prerequisite_answers": [0, 0, 12, 2, 0], "good_answers": [7, 6, 0, 0, 0]}], "eval_points": [{"time": "F-18-13", "learning": 3.5714285714285716, "worklevel": 1.8571428571428572, "good": 3.2857142857142856, "N": 14}], "grades": [{"time": "2019summer", "N_exam": 17, "N_passed": 17, "exam_avg": 7.4, "grade_dist": [3, 4, 3, 7, 0, 0, 0, 1]}, {"time": "2018summer", "N_exam": 23, "N_passed": 23, "exam_avg": 8.4, "grade_dist": [4, 8, 8, 2, 1, 0, 0, 1]}], "grade_percentile": 39.806763285024154, "eval_percentiles": {"learning": 82.09432454036771, "worklevel": 22.38209432454037, "good": 68.54516386890488}, "composites": {"beer_points": 2.42633167786542, "quality_points": 2.7196367763904656, "beer_percentiles": 65.41313559322033, "quality_percentiles": 64.98940677966101}}