{"info": {"language": "Engelsk", "ECTS": 5, "time": "F2A (man 13-17)", "level": "Kandidat", "name": "Klimaforandring - fysik og observationer", "course_no": "30754"}, "evals": [{"time": "F-18-13", "N_responses": 14, "learning_answers": [8, 6, 0, 0, 0], "participation_answers": [10, 4, 0, 0, 0], "material_answers": [5, 8, 1, 0, 0], "clear_answers": [4, 2, 5, 1, 1], "connection_answers": [6, 6, 1, 1, 0], "worklevel_answers": [0, 3, 10, 1, 0], "prerequisite_answers": [0, 0, 12, 2, 0], "good_answers": [7, 6, 0, 0, 0]}], "eval_points": [{"time": "F-18-13", "learning": 8.928571428571429, "worklevel": 4.642857142857143, "good": 8.214285714285714, "N": 14}], "grades": [{"time": "2019summer", "N_exam": 17, "N_passed": 17, "exam_avg": 7.4, "grade_dist": [3, 4, 3, 7, 0, 0, 0, 1]}, {"time": "2018summer", "N_exam": 23, "N_passed": 23, "exam_avg": 8.4, "grade_dist": [4, 8, 8, 2, 1, 0, 0, 1]}], "course_no": "30754", "grade_percentile": 56.52173913043478, "eval_percentiles": {"learning": 67.66586730615508, "worklevel": 25.85931254996003, "good": 57.83373301358913}, "composites": {"beer_points": 6.395860444940198, "quality_points": 6.996558924737506, "beer_percentiles": 73.83474576271186, "quality_percentiles": 76.90677966101696}}