{"info": {"language": "Engelsk", "ECTS": 5, "time": "F2A (man 13-17)", "level": "Kandidat", "name": "Klimaforandring - fysik og observationer", "course_no": "30754"}, "evals": [{"time": "F-18-13", "N_responses": 14, "learning_answers": [8, 6, 0, 0, 0], "participation_answers": [10, 4, 0, 0, 0], "material_answers": [5, 8, 1, 0, 0], "clear_answers": [4, 2, 5, 1, 1], "connection_answers": [6, 6, 1, 1, 0], "worklevel_answers": [0, 3, 10, 1, 0], "prerequisite_answers": [0, 0, 12, 2, 0], "good_answers": [7, 6, 0, 0, 0]}], "eval_points": [{"time": "F-18-13", "learning": 8.928571428571429, "worklevel": 4.642857142857143, "good": 8.214285714285714, "N": 14}], "grades": [{"time": "2020summer", "N_exam": 17, "N_passed": 17, "exam_avg": 9.3, "grade_dist": [6, 5, 4, 2, 0, 0, 0, 1]}, {"time": "2019summer", "N_exam": 17, "N_passed": 17, "exam_avg": 7.4, "grade_dist": [3, 4, 3, 7, 0, 0, 0, 1]}, {"time": "2018summer", "N_exam": 23, "N_passed": 23, "exam_avg": 8.4, "grade_dist": [4, 8, 8, 2, 1, 0, 0, 1]}], "course_no": "30754", "grade_percentile": 69.30572472594397, "eval_percentiles": {"learning": 57.832618025751074, "worklevel": 87.44635193133047, "good": 63.4656652360515}, "composites": {"beer_points": 5.171503957783641, "quality_points": 6.579352850539291, "beer_percentiles": 30.49645390070922, "quality_percentiles": 57.6241134751773}}