{"info": {"language": "Engelsk", "ECTS": 10, "time": "E4 (tirs 13-17, fre 8-12)", "level": "Kandidat", "name": "Strukturlyd", "course_no": "31270"}, "grades": [{"time": "2017winter", "N_exam": 11, "N_passed": 10, "exam_avg": 6.3, "grade_dist": [0, 3, 5, 0, 2, 1, 0, 1]}, {"time": "2015winter", "N_exam": 11, "N_passed": 10, "exam_avg": 6.4, "grade_dist": [2, 2, 2, 2, 2, 1, 0, 1]}, {"time": "2014winter", "N_exam": 13, "N_passed": 13, "exam_avg": 6.2, "grade_dist": [1, 2, 3, 7, 0, 0, 0, 1, 3]}, {"time": "2013winter", "N_exam": 10, "N_passed": 9, "exam_avg": 6.1, "grade_dist": [0, 3, 4, 1, 1, 0, 1, 3]}], "course_no": "31270", "grade_percentile": 9.371980676328503, "eval_percentiles": {"learning": 63.78896882494005, "worklevel": 50.03996802557953, "good": 69.38449240607514}, "composites": {"beer_points": 4.12829372634746, "quality_points": 5.6545699974341534, "beer_percentiles": 17.478813559322035, "quality_percentiles": 40.67796610169491}}