{"info": {"language": "Dansk", "ECTS": 5, "time": "F4A (tirs 13-17)", "level": "Bachelor", "name": "Grundl\u00e6ggende effektelektronik", "course_no": "31351"}, "grades": [{"time": "2019summer", "N_exam": 16, "N_passed": 16, "exam_avg": 8.2, "grade_dist": [2, 3, 11, 0, 0, 0, 0, 1]}, {"time": "2016summer", "N_exam": 32, "N_passed": 31, "exam_avg": 8.3, "grade_dist": [8, 7, 11, 2, 3, 0, 0, 0, 1]}, {"time": "2015summer", "N_exam": 27, "N_passed": 26, "exam_avg": 7.7, "grade_dist": [3, 9, 10, 3, 1, 0, 1, 1]}, {"time": "2014summer", "N_exam": 25, "N_passed": 21, "exam_avg": 6.3, "grade_dist": [1, 7, 9, 2, 2, 4, 0, 2]}], "course_no": "31351", "grade_percentile": 61.37005649717514, "eval_percentiles": {"learning": 67.59105960264901, "worklevel": 72.26821192052981, "good": 79.55298013245033}, "composites": {"beer_points": 5.591852421214451, "quality_points": 7.3087304313687, "beer_percentiles": 48.553054662379424, "quality_percentiles": 79.09967845659163}}