{"info": {"language": "Engelsk", "ECTS": 5, "time": "F3B (fre 13-17)", "level": "Kandidat", "name": "Design af p\u00c3\u00a5lidelige robotsystemer", "course_no": "31386"}, "evals": [{"time": "F-19-13", "N_responses": 12, "learning_answers": [2, 5, 1, 2, 2], "participation_answers": [3, 4, 1, 2, 2], "material_answers": [0, 1, 3, 3, 5], "clear_answers": [0, 2, 4, 2, 4], "connection_answers": [0, 1, 7, 2, 2], "worklevel_answers": [0, 1, 5, 4, 2], "prerequisite_answers": [0, 1, 10, 1, 0], "good_answers": [5, 3, 0, 2, 2]}, {"time": "F-18-13", "N_responses": 9, "learning_answers": [1, 7, 1, 0, 0], "participation_answers": [5, 3, 1, 0, 0], "material_answers": [1, 4, 4, 0, 0], "clear_answers": [4, 1, 2, 1, 1], "connection_answers": [2, 3, 2, 0, 1], "worklevel_answers": [0, 0, 5, 2, 2], "prerequisite_answers": [0, 1, 8, 0, 0], "good_answers": [7, 1, 1, 0, 0]}], "eval_points": [{"time": "F-19-13", "learning": 2.25, "worklevel": 2.5833333333333335, "good": 2.5833333333333335, "N": 12}, {"time": "F-18-13", "learning": 3.0, "worklevel": 2.6666666666666665, "good": 3.6666666666666665, "N": 9}], "grades": [{"time": "2018summer", "N_exam": 17, "N_passed": 17, "exam_avg": 9.4, "grade_dist": [5, 5, 7, 0, 0, 0, 0, 1]}], "grade_percentile": 80.71161048689139, "eval_percentiles": {"learning": 12.71384136858476, "worklevel": 80.40435458786936, "good": 29.665629860031103}, "composites": {"beer_points": 2.2685753237900474, "quality_points": 2.4898876404494388, "beer_percentiles": 53.62823061630219, "quality_percentiles": 52.783300198807154}}