{"info": {"language": "Dansk", "ECTS": 10, "time": "E4B (fre 8-12)  og  Januar", "level": "Bachelor", "name": "Digitale Energisamfund", "course_no": "31711"}, "evals": [{"time": "E-18-03", "N_responses": 12, "learning_answers": [2, 5, 4, 1, 0], "participation_answers": [2, 7, 3, 0, 0], "material_answers": [2, 5, 4, 1, 0], "clear_answers": [2, 4, 3, 3, 0], "connection_answers": [3, 8, 1, 0, 0], "worklevel_answers": [3, 4, 5, 0, 0], "prerequisite_answers": [0, 2, 9, 1, 0], "good_answers": [6, 5, 1, 0, 0]}], "eval_points": [{"time": "E-18-03", "learning": 6.666666666666666, "worklevel": 2.916666666666667, "good": 8.541666666666666, "N": 12}], "course_no": "31711", "grade_percentile": 45.97457627118644, "eval_percentiles": {"learning": 77.77317880794702, "worklevel": 75.66225165562913, "good": 44.246688741721854}, "composites": {"beer_points": 5.0172943889315915, "quality_points": 6.443583898066892, "beer_percentiles": 34.163987138263664, "quality_percentiles": 58.68167202572347}}