{"info": {"language": "Danish", "ECTS": 10, "time": "Autumn E4B (Fri 8-12)  and  January", "level": "BSc", "name": "Digital energy societies", "course_no": "31711"}, "evals": [{"time": "E-18-03", "N_responses": 12, "learning_answers": [2, 5, 4, 1, 0], "participation_answers": [2, 7, 3, 0, 0], "material_answers": [2, 5, 4, 1, 0], "clear_answers": [2, 4, 3, 3, 0], "connection_answers": [3, 8, 1, 0, 0], "worklevel_answers": [3, 4, 5, 0, 0], "prerequisite_answers": [0, 2, 9, 1, 0], "good_answers": [6, 5, 1, 0, 0]}], "eval_points": [{"time": "E-18-03", "learning": 6.666666666666666, "worklevel": 2.916666666666667, "good": 8.541666666666666, "N": 12}], "grades": [{"time": "2019winter", "N_exam": 43, "N_passed": 43, "exam_avg": 8.3, "grade_dist": [3, 13, 27, 0, 0, 0, 0, 1]}, {"time": "2018winter", "N_exam": 25, "N_passed": 25, "exam_avg": 10.4, "grade_dist": [5, 20, 0, 0, 0, 0, 0, 3]}], "course_no": "31711", "grade_percentile": 37.78103616813294, "eval_percentiles": {"learning": 78.79581151832461, "worklevel": 76.35253054101221, "good": 45.06980802792321}, "composites": {"beer_points": 4.920844327176781, "quality_points": 6.102135815991237, "beer_percentiles": 27.093023255813954, "quality_percentiles": 51.27906976744186}}