{"info": {"language": "Dansk", "ECTS": 10, "time": "E4B (fre 8-12)  og  Januar", "level": "Bachelor", "name": "Digitale Energisamfund", "course_no": "31711"}, "evals": [{"time": "E-18-03", "N_responses": 12, "learning_answers": [2, 5, 4, 1, 0], "participation_answers": [2, 7, 3, 0, 0], "material_answers": [2, 5, 4, 1, 0], "clear_answers": [2, 4, 3, 3, 0], "connection_answers": [3, 8, 1, 0, 0], "worklevel_answers": [3, 4, 5, 0, 0], "prerequisite_answers": [0, 2, 9, 1, 0], "good_answers": [6, 5, 1, 0, 0]}], "eval_points": [{"time": "E-18-03", "learning": 6.666666666666666, "worklevel": 2.916666666666667, "good": 8.541666666666666, "N": 12}], "grades": [{"time": "2019winter", "N_exam": 43, "N_passed": 43, "exam_avg": 8.3, "grade_dist": [3, 13, 27, 0, 0, 0, 0, 1]}, {"time": "2018winter", "N_exam": 25, "N_passed": 25, "exam_avg": 10.4, "grade_dist": [5, 20, 0, 0, 0, 0, 0, 3]}], "course_no": "31711", "grade_percentile": 25.508228460793806, "eval_percentiles": {"learning": 78.02108678021087, "worklevel": 75.83130575831306, "good": 44.484995944849956}, "composites": {"beer_points": 4.0428571428571445, "quality_points": 5.740690032858708, "beer_percentiles": 21.38364779874214, "quality_percentiles": 43.710691823899374}}