{"info": {"language": "Engelsk", "ECTS": 5, "time": "F1B (tors 13-17)", "level": "Bachelor", "name": "Almen Elektroteknik", "course_no": "31710"}, "evals": [{"time": "F-19-13", "N_responses": 16, "learning_answers": [10, 5, 1, 0, 0], "participation_answers": [10, 4, 2, 0, 0], "material_answers": [6, 4, 5, 0, 0], "clear_answers": [6, 7, 2, 1, 0], "connection_answers": [7, 7, 1, 0, 0], "worklevel_answers": [0, 2, 11, 3, 0], "prerequisite_answers": [0, 0, 15, 0, 0], "good_answers": [7, 8, 1, 0, 0]}, {"time": "F-18-13", "N_responses": 13, "learning_answers": [1, 8, 4, 0, 0], "participation_answers": [2, 5, 4, 2, 0], "material_answers": [1, 9, 1, 2, 0], "clear_answers": [1, 1, 4, 2, 5], "connection_answers": [4, 6, 2, 1, 0], "worklevel_answers": [0, 3, 9, 1, 0], "prerequisite_answers": [0, 0, 13, 0, 0], "good_answers": [3, 6, 4, 0, 0]}], "eval_points": [{"time": "F-19-13", "learning": 8.90625, "worklevel": 5.15625, "good": 8.4375, "N": 16}, {"time": "F-18-13", "learning": 6.923076923076923, "worklevel": 4.615384615384616, "good": 7.3076923076923075, "N": 13}], "grades": [{"time": "2019summer", "N_exam": 43, "N_passed": 43, "exam_avg": 6.8, "grade_dist": [4, 8, 16, 11, 4, 0, 0, 2]}], "course_no": "31710", "grade_percentile": 25.458937198067634, "eval_percentiles": {"learning": 77.29816147082335, "worklevel": 76.13908872901679, "good": 44.64428457234212}, "composites": {"beer_points": 4.314928425357873, "quality_points": 5.757771830240287, "beer_percentiles": 21.66313559322034, "quality_percentiles": 43.53813559322034}}