{"info": {"language": "Engelsk", "ECTS": 5, "time": "E3A (tirs 8-12)", "level": "Kandidat", "name": "Optimering i moderne power systemer", "course_no": "31765"}, "evals": [{"time": "E-18-13", "N_responses": 18, "learning_answers": [9, 9, 0, 0, 0], "participation_answers": [13, 5, 0, 0, 0], "material_answers": [8, 7, 3, 0, 0], "clear_answers": [8, 6, 2, 2, 0], "connection_answers": [8, 6, 3, 1, 0], "worklevel_answers": [0, 2, 8, 2, 6], "prerequisite_answers": [0, 1, 15, 2, 0], "good_answers": [11, 4, 2, 1, 0]}], "eval_points": [{"time": "E-18-13", "learning": 8.75, "worklevel": 6.666666666666666, "good": 8.472222222222221, "N": 18}], "course_no": "31765", "grade_percentile": 57.17391304347826, "eval_percentiles": {"learning": 25.70128885519333, "worklevel": 1.9711902956785443, "good": 75.3601213040182}, "composites": {"beer_points": 7.871428571428572, "quality_points": 7.161495063469674, "beer_percentiles": 96.83604985618409, "quality_percentiles": 84.75551294343241}}