{"info": {"language": "Dansk", "ECTS": 5, "time": "Juni", "level": "Bachelor", "name": "Energiteknologier - fra ide til realisering", "course_no": "31776"}, "evals": [{"time": "F-19-03JUN", "N_responses": 13, "learning_answers": [8, 4, 1, 0, 0], "participation_answers": [5, 8, 0, 0, 0], "material_answers": [2, 9, 2, 0, 0], "clear_answers": [0, 5, 7, 1, 0], "connection_answers": [6, 2, 5, 0, 0], "worklevel_answers": [0, 1, 8, 4, 0], "prerequisite_answers": [0, 0, 13, 0, 0], "good_answers": [5, 8, 0, 0, 0]}], "eval_points": [{"time": "F-19-03JUN", "learning": 8.846153846153847, "worklevel": 5.576923076923077, "good": 8.461538461538462, "N": 13}], "course_no": "31776", "grade_percentile": 92.26190476190476, "eval_percentiles": {"learning": 4.4665012406947895, "worklevel": 35.359801488833746, "good": 5.459057071960298}, "composites": {"beer_points": 7.493403693931399, "quality_points": 4.523449319213314, "beer_percentiles": 91.12903225806451, "quality_percentiles": 20.43010752688172}}