{"info": {"language": "Engelsk", "ECTS": 5, "time": "Januar", "level": "Kandidat", "name": "Experimental methods in photonics", "course_no": "34046"}, "evals": [{"time": "E-18-03", "N_responses": 3, "learning_answers": [1, 0, 1, 1, 0], "participation_answers": [1, 1, 0, 0, 1], "material_answers": [0, 1, 0, 1, 1], "clear_answers": [0, 1, 0, 0, 1], "connection_answers": [1, 0, 0, 1, 1], "worklevel_answers": [0, 0, 2, 0, 1], "prerequisite_answers": [0, 0, 3, 0, 0], "good_answers": [1, 0, 0, 1, 1]}], "eval_points": [{"time": "E-18-03", "learning": 5.833333333333334, "worklevel": 6.666666666666666, "good": 4.166666666666667, "N": 3}], "course_no": "34046", "grade_percentile": 85.30516431924883, "eval_percentiles": {"learning": 65.99081866870696, "worklevel": 96.9778117827085, "good": 71.0788064269319}, "composites": {"beer_points": 4.301295160190865, "quality_points": 6.4024587512131985, "beer_percentiles": 21.224086870681145, "quality_percentiles": 60.85883514313919}}