{"info": {"language": "Engelsk", "ECTS": 5, "time": "Januar", "level": "Kandidat", "name": "Experimental methods in photonics", "course_no": "34046"}, "evals": [{"time": "E-18-03", "N_responses": 3, "learning_answers": [1, 0, 1, 1, 0], "participation_answers": [1, 1, 0, 0, 1], "material_answers": [0, 1, 0, 1, 1], "clear_answers": [0, 1, 0, 0, 1], "connection_answers": [1, 0, 0, 1, 1], "worklevel_answers": [0, 0, 2, 0, 1], "prerequisite_answers": [0, 0, 3, 0, 0], "good_answers": [1, 0, 0, 1, 1]}], "eval_points": [{"time": "E-18-03", "learning": 5.833333333333334, "worklevel": 6.666666666666666, "good": 4.166666666666667, "N": 3}], "course_no": "34046", "grade_percentile": 84.83245149911816, "eval_percentiles": {"learning": 66.0183066361556, "worklevel": 96.98703279938978, "good": 71.09077040427155}, "composites": {"beer_points": 4.028571428571429, "quality_points": 6.078984485190407, "beer_percentiles": 20.28985507246377, "quality_percentiles": 60.0}}