{"info": {"language": "Engelsk", "ECTS": 5, "time": "August", "level": "Kandidat", "name": "Research immersion in telecommunication 4", "course_no": "34804"}, "evals": [{"time": "F-16-03AUG", "N_responses": 3, "learning_answers": [1, 2, 0, 0, 0], "participation_answers": [3, 0, 0, 0, 0], "material_answers": [0, 2, 1, 0, 0], "clear_answers": [1, 1, 1, 0, 0], "connection_answers": [1, 0, 2, 0, 0], "worklevel_answers": [0, 1, 2, 0, 0], "prerequisite_answers": [0, 1, 2, 0, 0], "good_answers": [2, 1, 0, 0, 0]}], "eval_points": [{"time": "F-16-03AUG", "learning": 3.3333333333333335, "worklevel": 1.6666666666666667, "good": 3.6666666666666665, "N": 3}], "course_no": "34804", "grade_percentile": 70.96618357487922, "eval_percentiles": {"learning": 77.29816147082335, "worklevel": 76.13908872901679, "good": 66.38689048760992}, "composites": {"beer_points": 74.08974804649124, "quality_points": 73.09875141884224, "beer_percentiles": 71.45127118644068, "quality_percentiles": 76.90677966101696}}