{"info": {"language": "Engelsk", "ECTS": 5, "time": "August", "level": "Kandidat", "name": "Research immersion in telecommunication 4", "course_no": "34804"}, "evals": [{"time": "F-16-03AUG", "N_responses": 3, "learning_answers": [1, 2, 0, 0, 0], "participation_answers": [3, 0, 0, 0, 0], "material_answers": [0, 2, 1, 0, 0], "clear_answers": [1, 1, 1, 0, 0], "connection_answers": [1, 0, 2, 0, 0], "worklevel_answers": [0, 1, 2, 0, 0], "prerequisite_answers": [0, 1, 2, 0, 0], "good_answers": [2, 1, 0, 0, 0]}], "eval_points": [{"time": "F-16-03AUG", "learning": 8.333333333333334, "worklevel": 4.166666666666667, "good": 9.166666666666666, "N": 3}], "course_no": "34804", "grade_percentile": 70.93896713615024, "eval_percentiles": {"learning": 77.69701606732977, "worklevel": 76.35807192042846, "good": 66.41162968630451}, "composites": {"beer_points": 5.569188820722563, "quality_points": 6.981559365901003, "beer_percentiles": 51.28331688055281, "quality_percentiles": 76.30799605133268}}