{"info": {"language": "Engelsk", "ECTS": 10, "time": "E3A (tirs 8-12)  og  E4A (tirs 13-17)", "level": "Kandidat", "name": "Udvikling og drift af produkt/service-systemer", "course_no": "41073"}, "evals": [{"time": "E-17-13", "N_responses": 39, "learning_answers": [18, 18, 3, 0, 0], "participation_answers": [24, 13, 1, 1, 0], "material_answers": [19, 15, 5, 0, 0], "clear_answers": [12, 15, 7, 4, 0], "connection_answers": [22, 11, 6, 0, 0], "worklevel_answers": [1, 4, 19, 14, 1], "prerequisite_answers": [1, 1, 33, 3, 0], "good_answers": [22, 11, 2, 3, 1]}], "eval_points": [{"time": "E-17-13", "learning": 8.461538461538462, "worklevel": 5.6410256410256405, "good": 8.205128205128204, "N": 39}], "grades": [{"time": "2017winter", "N_exam": 46, "N_passed": 46, "exam_avg": 9.3, "grade_dist": [11, 21, 10, 4, 0, 0, 0, 1]}, {"time": "2016winter", "N_exam": 35, "N_passed": 35, "exam_avg": 9.3, "grade_dist": [9, 12, 14, 0, 0, 0, 0, 4]}], "course_no": "41073", "grade_percentile": 89.19172932330827, "eval_percentiles": {"learning": 39.28299008390542, "worklevel": 73.22654462242564, "good": 32.34172387490465}, "composites": {"beer_points": 6.293746986549619, "quality_points": 6.384783517844883, "beer_percentiles": 70.44334975369458, "quality_percentiles": 60.19704433497537}}