{"info": {"language": "Engelsk", "ECTS": 10, "time": "E3A (tirs 8-12)  og  E4A (tirs 13-17)", "level": "Kandidat", "name": "Udvikling og drift af produkt/service-systemer", "course_no": "41073"}, "evals": [{"time": "E-17-13", "N_responses": 39, "learning_answers": [18, 18, 3, 0, 0], "participation_answers": [24, 13, 1, 1, 0], "material_answers": [19, 15, 5, 0, 0], "clear_answers": [12, 15, 7, 4, 0], "connection_answers": [22, 11, 6, 0, 0], "worklevel_answers": [1, 4, 19, 14, 1], "prerequisite_answers": [1, 1, 33, 3, 0], "good_answers": [22, 11, 2, 3, 1]}], "eval_points": [{"time": "E-17-13", "learning": 3.3846153846153846, "worklevel": 2.2564102564102564, "good": 3.282051282051282, "N": 39}], "grades": [{"time": "2017winter", "N_exam": 46, "N_passed": 46, "exam_avg": 9.3, "grade_dist": [11, 21, 10, 4, 0, 0, 0, 1]}, {"time": "2016winter", "N_exam": 35, "N_passed": 35, "exam_avg": 9.3, "grade_dist": [9, 12, 14, 0, 0, 0, 0, 4]}], "grade_percentile": 79.08212560386474, "eval_percentiles": {"learning": 69.26458832933653, "worklevel": 59.63229416466827, "good": 68.18545163868905}, "composites": {"beer_points": 2.514183839337214, "quality_points": 3.07657382345237, "beer_percentiles": 70.55084745762711, "quality_percentiles": 84.32203389830508}}