{"info": {"language": "Engelsk", "ECTS": 5, "time": "E1A (man 8-12)", "level": "Kandidat", "name": "Marin vandbygning 2", "course_no": "41117"}, "grades": [{"time": "2017winter", "N_exam": 23, "N_passed": 21, "exam_avg": 8.3, "grade_dist": [6, 8, 4, 2, 1, 2, 0, 1]}, {"time": "2013winter", "N_exam": 24, "N_passed": 24, "exam_avg": 8.7, "grade_dist": [8, 6, 5, 4, 1, 0, 0, 2]}], "course_no": "41117", "grade_percentile": 77.14975845410628, "eval_percentiles": {"learning": 80.2158273381295, "worklevel": 48.52118305355715, "good": 77.1382893685052}, "composites": {"beer_points": 6.5193225315924686, "quality_points": 7.7139586392255435, "beer_percentiles": 75.84745762711864, "quality_percentiles": 89.40677966101696}}