{"info": {"language": "Engelsk", "ECTS": 5, "time": "E3B (fre 13-17)", "level": "Kandidat", "name": "Videreg\u00e5ende CFD", "course_no": "41316"}, "grades": [{"time": "2020winter", "N_exam": 34, "N_passed": 34, "exam_avg": 8.2, "grade_dist": [7, 11, 10, 2, 4, 0, 0, 2]}, {"time": "2019winter", "N_exam": 23, "N_passed": 23, "exam_avg": 10.3, "grade_dist": [14, 4, 3, 2, 0, 0, 0, 2]}], "course_no": "41316", "grade_percentile": 30.494505494505493, "eval_percentiles": {"learning": 65.92224979321753, "worklevel": 27.37799834574028, "good": 74.93796526054591}, "composites": {"beer_points": 5.914687774846087, "quality_points": 7.01084215834594, "beer_percentiles": 53.87096774193548, "quality_percentiles": 71.61290322580645}}