{"info": {"language": "Engelsk", "ECTS": 5, "time": "E3B (fre 13-17)", "level": "Kandidat", "name": "Videreg\u00e5ende CFD", "course_no": "41316"}, "grades": [{"time": "2020winter", "N_exam": 34, "N_passed": 34, "exam_avg": 8.2, "grade_dist": [7, 11, 10, 2, 4, 0, 0, 2]}, {"time": "2019winter", "N_exam": 23, "N_passed": 23, "exam_avg": 10.3, "grade_dist": [14, 4, 3, 2, 0, 0, 0, 2]}], "course_no": "41316", "grade_percentile": 31.546894031668696, "eval_percentiles": {"learning": 66.89914163090128, "worklevel": 28.218884120171673, "good": 75.16094420600858}, "composites": {"beer_points": 5.914687774846087, "quality_points": 7.140472521828453, "beer_percentiles": 51.06382978723404, "quality_percentiles": 71.63120567375887}}