{"info": {"language": "Engelsk", "ECTS": 5, "time": "E2B (tors 8-12)", "level": "Kandidat", "name": "Videreg\u00e5ende fluidmekanik", "course_no": "41320"}, "grades": [{"time": "2020winter", "N_exam": 69, "N_passed": 62, "exam_avg": 6.4, "grade_dist": [8, 16, 20, 14, 4, 2, 5, 1]}, {"time": "2019winter", "N_exam": 45, "N_passed": 30, "exam_avg": 4.7, "grade_dist": [7, 7, 9, 6, 1, 4, 11, 5]}], "course_no": "41320", "grade_percentile": 30.494505494505493, "eval_percentiles": {"learning": 85.40115798180314, "worklevel": 88.42018196856907, "good": 27.1712158808933}, "composites": {"beer_points": 4.073218997361478, "quality_points": 5.245839636913766, "beer_percentiles": 11.505376344086022, "quality_percentiles": 33.924731182795696}}