{"info": {"language": "Dansk", "ECTS": 10, "time": "F5B (ons 13-17)  og  E5B (ons 13-17)", "level": "Bachelor", "name": "\u00d8kobil", "course_no": "41341"}, "evals": [{"time": "F-19-13", "N_responses": 2, "learning_answers": [2, 0, 0, 0, 0], "participation_answers": [2, 0, 0, 0, 0], "material_answers": [1, 0, 1, 0, 0], "clear_answers": [1, 1, 0, 0, 0], "connection_answers": [1, 1, 0, 0, 0], "worklevel_answers": [0, 0, 1, 1, 0], "prerequisite_answers": [0, 0, 2, 0, 0], "good_answers": [1, 1, 0, 0, 0]}], "eval_points": [{"time": "F-19-13", "learning": 10.0, "worklevel": 6.25, "good": 8.75, "N": 2}], "course_no": "41341", "grade_percentile": 67.68077601410934, "eval_percentiles": {"learning": 77.68878718535468, "worklevel": 76.43020594965675, "good": 50.87719298245614}, "composites": {"beer_points": 5.300000000000001, "quality_points": 6.403385049365302, "beer_percentiles": 47.92270531400966, "quality_percentiles": 69.90338164251207}}