{"info": {"language": "English", "ECTS": 5, "time": "June", "level": "MSc", "name": "Fuels and emissions from current and future transportation", "course_no": "41343"}, "grades": [{"time": "2020summer", "N_exam": 12, "N_passed": 12, "exam_avg": 8.8, "grade_dist": [0, 7, 5, 0, 0, 0, 0, 1]}, {"time": "2019summer", "N_exam": 15, "N_passed": 15, "exam_avg": 9.5, "grade_dist": [2, 10, 2, 1, 0, 0, 0, 1]}, {"time": "2011winter", "N_exam": 18, "N_passed": 18, "exam_avg": 10.6, "grade_dist": [5, 13, 0, 0, 0, 0, 0, 2]}], "course_no": "41343", "grade_percentile": 18.328445747800586, "eval_percentiles": {"learning": 25.043630017452006, "worklevel": 81.76265270506109, "good": 13.089005235602095}, "composites": {"beer_points": 3.9965854415644895, "quality_points": 3.4700566973777462, "beer_percentiles": 11.395348837209303, "quality_percentiles": 9.069767441860465}}