{"info": {"language": "Engelsk", "ECTS": 5, "time": "E2B (tors 8-12)", "level": "Kandidat", "name": "Brudmekanik", "course_no": "41526"}, "evals": [{"time": "E-17-13", "N_responses": 21, "learning_answers": [7, 12, 2, 0, 0], "participation_answers": [10, 5, 3, 2, 1], "material_answers": [6, 10, 4, 1, 0], "clear_answers": [5, 12, 1, 2, 1], "connection_answers": [12, 7, 2, 0, 0], "worklevel_answers": [1, 1, 15, 2, 2], "prerequisite_answers": [0, 2, 18, 0, 1], "good_answers": [12, 5, 3, 1, 0]}], "eval_points": [{"time": "E-17-13", "learning": 8.095238095238095, "worklevel": 5.357142857142857, "good": 8.333333333333334, "N": 21}], "course_no": "41526", "grade_percentile": 16.52542372881356, "eval_percentiles": {"learning": 73.55132450331126, "worklevel": 73.01324503311258, "good": 76.07615894039735}, "composites": {"beer_points": 4.053292339226235, "quality_points": 6.170846215504407, "beer_percentiles": 17.041800643086816, "quality_percentiles": 51.60771704180064}}