{"info": {"language": "Engelsk", "ECTS": 5, "time": "F2A (man 13-17)", "level": "Bachelor", "name": "Styrkel\u00e6re 1 (engelsk version)", "course_no": "41571"}, "grades": [{"time": "2020summer", "N_exam": 33, "N_passed": 21, "exam_avg": 2.6, "grade_dist": [2, 2, 2, 4, 11, 9, 3, 2, 5]}, {"time": "2019summer", "N_exam": 40, "N_passed": 28, "exam_avg": 4.8, "grade_dist": [4, 8, 6, 6, 4, 9, 3, 4]}], "course_no": "41571", "grade_percentile": 7.967032967032967, "eval_percentiles": {"learning": 24.069478908188586, "worklevel": 46.02977667493796, "good": 35.194375516956164}, "composites": {"beer_points": 4.682803716875071, "quality_points": 4.391896336249424, "beer_percentiles": 21.72043010752688, "quality_percentiles": 18.817204301075268}}