{"info": {"language": "Engelsk", "ECTS": 5, "time": "F2A (man 13-17)", "level": "Bachelor", "name": "Styrkel\u00e6re 1 (engelsk version)", "course_no": "41571"}, "grades": [{"time": "2020summer", "N_exam": 31, "N_passed": 19, "exam_avg": 2.7, "grade_dist": [2, 2, 2, 4, 9, 9, 3, 2, 5]}, {"time": "2019summer", "N_exam": 40, "N_passed": 28, "exam_avg": 4.8, "grade_dist": [4, 8, 6, 6, 4, 9, 3, 4]}], "course_no": "41571", "grade_percentile": 79.51977401129943, "eval_percentiles": {"learning": 80.96026490066225, "worklevel": 95.69536423841059, "good": 73.59271523178808}, "composites": {"beer_points": 4.580611068408915, "quality_points": 7.003238945870343, "beer_percentiles": 24.115755627009648, "quality_percentiles": 73.79421221864952}}