{"info": {"language": "Engelsk", "ECTS": 5, "time": "F2A (man 13-17)", "level": "Bachelor", "name": "Styrkel\u00e6re 1 (engelsk version)", "course_no": "41571"}, "grades": [{"time": "2020summer", "N_exam": 31, "N_passed": 19, "exam_avg": 2.7, "grade_dist": [2, 2, 2, 4, 9, 9, 3, 2, 5]}, {"time": "2019summer", "N_exam": 40, "N_passed": 28, "exam_avg": 4.8, "grade_dist": [4, 8, 6, 6, 4, 9, 3, 4]}], "course_no": "41571", "grade_percentile": 75.76177285318559, "eval_percentiles": {"learning": 81.16298116298117, "worklevel": 95.74119574119574, "good": 73.79197379197379}, "composites": {"beer_points": 4.492555597436864, "quality_points": 6.715522805507744, "beer_percentiles": 18.440463645943098, "quality_percentiles": 67.33403582718651}}