{"info": {"language": "English", "ECTS": 3.5, "time": "June", "level": "Ph.D.", "name": "Topology Optimization - Theory, Methods and Applications", "course_no": "41591"}, "evals": [{"time": "F-15-03", "N_responses": 37, "learning_answers": [25, 10, 2, 0, 0], "participation_answers": [23, 10, 4, 0, 0], "material_answers": [27, 8, 2, 0, 0], "clear_answers": [13, 12, 11, 1, 0], "connection_answers": [21, 14, 2, 0, 0], "worklevel_answers": [0, 4, 22, 8, 2], "prerequisite_answers": [0, 3, 32, 1, 0], "good_answers": [32, 4, 1, 0, 0]}], "eval_points": [{"time": "F-15-03", "learning": 9.054054054054054, "worklevel": 5.405405405405405, "good": 9.594594594594595, "N": 37}], "course_no": "41591", "grade_percentile": 9.970674486803519, "eval_percentiles": {"learning": 24.520069808027923, "worklevel": 47.16404886561955, "good": 35.73298429319372}, "composites": {"beer_points": 4.682803716875071, "quality_points": 4.417234154007333, "beer_percentiles": 22.325581395348838, "quality_percentiles": 18.6046511627907}}