{"info": {"language": "Engelsk", "ECTS": 3.5, "time": "Juni", "level": "Ph.d.", "name": "Topologioptimering", "course_no": "41591"}, "evals": [{"time": "F-15-03", "N_responses": 37, "learning_answers": [25, 10, 2, 0, 0], "participation_answers": [23, 10, 4, 0, 0], "material_answers": [27, 8, 2, 0, 0], "clear_answers": [13, 12, 11, 1, 0], "connection_answers": [21, 14, 2, 0, 0], "worklevel_answers": [0, 4, 22, 8, 2], "prerequisite_answers": [0, 3, 32, 1, 0], "good_answers": [32, 4, 1, 0, 0]}], "eval_points": [{"time": "F-15-03", "learning": 9.054054054054054, "worklevel": 5.405405405405405, "good": 9.594594594594595, "N": 37}], "course_no": "41591", "grade_percentile": 85.30516431924883, "eval_percentiles": {"learning": 82.74674827850038, "worklevel": 68.20964039785768, "good": 82.24942616679418}, "composites": {"beer_points": 6.261077027948193, "quality_points": 7.77741831122614, "beer_percentiles": 69.79269496544916, "quality_percentiles": 90.42448173741363}}