{"info": {"language": "Engelsk", "ECTS": 3.5, "time": "Juni", "level": "Ph.d.", "name": "Topologioptimering", "course_no": "41591"}, "evals": [{"time": "F-15-03", "N_responses": 37, "learning_answers": [25, 10, 2, 0, 0], "participation_answers": [23, 10, 4, 0, 0], "material_answers": [27, 8, 2, 0, 0], "clear_answers": [13, 12, 11, 1, 0], "connection_answers": [21, 14, 2, 0, 0], "worklevel_answers": [0, 4, 22, 8, 2], "prerequisite_answers": [0, 3, 32, 1, 0], "good_answers": [32, 4, 1, 0, 0]}], "eval_points": [{"time": "F-15-03", "learning": 9.054054054054054, "worklevel": 5.405405405405405, "good": 9.594594594594595, "N": 37}], "course_no": "41591", "grade_percentile": 14.494518879415347, "eval_percentiles": {"learning": 89.37768240343348, "worklevel": 71.67381974248927, "good": 83.69098712446352}, "composites": {"beer_points": 4.391056797666991, "quality_points": 6.674235666207118, "beer_percentiles": 16.666666666666668, "quality_percentiles": 61.702127659574465}}