{"info": {"language": "Engelsk", "ECTS": 3.5, "time": "Juni", "level": "Ph.d.", "name": "Topologioptimering", "course_no": "41591"}, "evals": [{"time": "F-15-03", "N_responses": 37, "learning_answers": [25, 10, 2, 0, 0], "participation_answers": [23, 10, 4, 0, 0], "material_answers": [27, 8, 2, 0, 0], "clear_answers": [13, 12, 11, 1, 0], "connection_answers": [21, 14, 2, 0, 0], "worklevel_answers": [0, 4, 22, 8, 2], "prerequisite_answers": [0, 3, 32, 1, 0], "good_answers": [32, 4, 1, 0, 0]}], "eval_points": [{"time": "F-15-03", "learning": 9.054054054054054, "worklevel": 5.405405405405405, "good": 9.594594594594595, "N": 37}], "course_no": "41591", "grade_percentile": 9.418282548476455, "eval_percentiles": {"learning": 23.996723996723997, "worklevel": 46.06879606879607, "good": 35.176085176085174}, "composites": {"beer_points": 4.682803716875071, "quality_points": 4.417234154007333, "beer_percentiles": 23.076923076923077, "quality_percentiles": 19.28345626975764}}