{"info": {"language": "English", "ECTS": 5, "time": "June", "level": "MSc", "name": "Computational Materials Science", "course_no": "41668"}, "evals": [{"time": "F-19-03JUN", "N_responses": 6, "learning_answers": [5, 1, 0, 0, 0], "participation_answers": [6, 0, 0, 0, 0], "material_answers": [3, 3, 0, 0, 0], "clear_answers": [3, 2, 1, 0, 0], "connection_answers": [6, 0, 0, 0, 0], "worklevel_answers": [0, 1, 4, 1, 0], "prerequisite_answers": [0, 0, 6, 0, 0], "good_answers": [5, 1, 0, 0, 0]}], "eval_points": [{"time": "F-19-03JUN", "learning": 9.583333333333334, "worklevel": 5.0, "good": 9.583333333333334, "N": 6}], "grades": [{"time": "2020summer", "N_exam": 15, "N_passed": 15, "exam_avg": 10.8, "grade_dist": [6, 9, 0, 0, 0, 0, 0, 2]}], "course_no": "41668", "grade_percentile": 75.56207233626589, "eval_percentiles": {"learning": 5.2356020942408374, "worklevel": 29.275741710296685, "good": 7.460732984293194}, "composites": {"beer_points": 6.9308330192235195, "quality_points": 4.315296901893286, "beer_percentiles": 81.86046511627907, "quality_percentiles": 17.209302325581394}}