{"info": {"language": "Engelsk", "ECTS": 5, "time": "E4B (fre 8-12)", "level": "Kandidat", "name": "Modellering i materiale- og procesteknologi - varmetransmission og diffusion", "course_no": "41747"}, "evals": [{"time": "E-15-13", "N_responses": 18, "learning_answers": [11, 6, 1, 0, 0], "participation_answers": [11, 7, 0, 0, 0], "material_answers": [7, 7, 3, 1, 0], "clear_answers": [5, 8, 2, 2, 1], "connection_answers": [10, 5, 2, 1, 0], "worklevel_answers": [0, 1, 6, 5, 6], "prerequisite_answers": [0, 2, 16, 0, 0], "good_answers": [9, 8, 0, 0, 1]}], "eval_points": [{"time": "E-15-13", "learning": 3.5555555555555554, "worklevel": 2.888888888888889, "good": 3.3333333333333335, "N": 18}], "grades": [{"time": "2018winter", "N_exam": 18, "N_passed": 17, "exam_avg": 10.2, "grade_dist": [11, 3, 3, 0, 0, 1, 0, 3]}, {"time": "2017winter", "N_exam": 12, "N_passed": 11, "exam_avg": 9.6, "grade_dist": [7, 1, 3, 0, 0, 1, 0, 1]}, {"time": "2016winter", "N_exam": 20, "N_passed": 19, "exam_avg": 9.0, "grade_dist": [10, 4, 1, 3, 1, 1, 0, 1]}], "grade_percentile": 91.85257032007759, "eval_percentiles": {"learning": 81.47106109324758, "worklevel": 89.14790996784566, "good": 71.30225080385853}, "composites": {"beer_points": 2.193137923199273, "quality_points": 3.2099886492622014, "beer_percentiles": 46.844919786096256, "quality_percentiles": 89.62566844919786}}