{"info": {"language": "Engelsk", "ECTS": 5, "time": "F3B (fre 13-17)", "level": "Kandidat", "name": "Finite Element Metoder for lyd og svingninger", "course_no": "41813"}, "evals": [{"time": "F-17-13", "N_responses": 22, "learning_answers": [13, 6, 3, 0, 0], "participation_answers": [14, 6, 1, 1, 0], "material_answers": [9, 9, 1, 2, 0], "clear_answers": [11, 6, 5, 0, 0], "connection_answers": [16, 5, 0, 1, 0], "worklevel_answers": [1, 1, 6, 13, 1], "prerequisite_answers": [1, 1, 19, 0, 1], "good_answers": [14, 7, 1, 0, 0]}, {"time": "F-15-13", "N_responses": 20, "learning_answers": [14, 6, 0, 0, 0], "participation_answers": [13, 5, 2, 0, 0], "material_answers": [4, 10, 4, 2, 0], "clear_answers": [3, 14, 3, 0, 0], "connection_answers": [7, 12, 1, 0, 0], "worklevel_answers": [0, 0, 5, 10, 5], "prerequisite_answers": [0, 2, 16, 2, 0], "good_answers": [10, 10, 0, 0, 0]}], "eval_points": [{"time": "F-17-13", "learning": 8.636363636363637, "worklevel": 6.363636363636363, "good": 8.977272727272727, "N": 22}, {"time": "F-15-13", "learning": 9.25, "worklevel": 7.5, "good": 8.75, "N": 20}], "course_no": "41813", "grade_percentile": 83.79501385041551, "eval_percentiles": {"learning": 44.103194103194106, "worklevel": 98.52579852579852, "good": 79.77067977067978}, "composites": {"beer_points": 4.155672823218998, "quality_points": 6.114457831325301, "beer_percentiles": 13.909378292939937, "quality_percentiles": 51.527924130663855}}