{"info": {"language": "Engelsk", "ECTS": 5, "time": "Januar", "level": "Kandidat", "name": "Eksperimentel fluid mekanik", "course_no": "41822"}, "evals": [{"time": "E-17-03", "N_responses": 9, "learning_answers": [6, 3, 0, 0, 0], "participation_answers": [5, 4, 0, 0, 0], "material_answers": [2, 5, 2, 0, 0], "clear_answers": [1, 6, 1, 0, 0], "connection_answers": [3, 3, 1, 1, 0], "worklevel_answers": [1, 0, 5, 3, 0], "prerequisite_answers": [0, 0, 8, 1, 0], "good_answers": [4, 4, 0, 1, 0]}], "eval_points": [{"time": "E-17-03", "learning": 3.6666666666666665, "worklevel": 2.111111111111111, "good": 3.2222222222222223, "N": 9}], "grades": [{"time": "2010winter", "N_exam": 32, "N_passed": 32, "exam_avg": 10.0, "grade_dist": [0, 2, 0, 0, 0, 0, 0, 30, 0, 1]}], "grade_percentile": 89.13857677902622, "eval_percentiles": {"learning": 87.09175738724728, "worklevel": 47.82270606531882, "good": 64.42457231726283}, "composites": {"beer_points": 2.7857305157918657, "quality_points": 3.3333333333333335, "beer_percentiles": 85.18886679920477, "quality_percentiles": 92.34592445328032}}