{"info": {"language": "Engelsk", "ECTS": 5, "time": "Januar", "level": "Kandidat", "name": "Eksperimentel fluid mekanik", "course_no": "41822"}, "evals": [{"time": "E-17-03", "N_responses": 9, "learning_answers": [6, 3, 0, 0, 0], "participation_answers": [5, 4, 0, 0, 0], "material_answers": [2, 5, 2, 0, 0], "clear_answers": [1, 6, 1, 0, 0], "connection_answers": [3, 3, 1, 1, 0], "worklevel_answers": [1, 0, 5, 3, 0], "prerequisite_answers": [0, 0, 8, 1, 0], "good_answers": [4, 4, 0, 1, 0]}], "eval_points": [{"time": "E-17-03", "learning": 9.166666666666666, "worklevel": 5.277777777777778, "good": 8.055555555555555, "N": 9}], "course_no": "41822", "grade_percentile": 81.24238733252132, "eval_percentiles": {"learning": 86.9098712446352, "worklevel": 47.103004291845494, "good": 90.02145922746782}, "composites": {"beer_points": 6.89134084912449, "quality_points": 8.789746463090069, "beer_percentiles": 78.01418439716312, "quality_percentiles": 96.80851063829788}}