{"info": {"language": "Engelsk", "ECTS": 5, "time": "Januar", "level": "Kandidat", "name": "Eksperimentel fluid mekanik", "course_no": "41822"}, "evals": [{"time": "E-17-03", "N_responses": 9, "learning_answers": [6, 3, 0, 0, 0], "participation_answers": [5, 4, 0, 0, 0], "material_answers": [2, 5, 2, 0, 0], "clear_answers": [1, 6, 1, 0, 0], "connection_answers": [3, 3, 1, 1, 0], "worklevel_answers": [1, 0, 5, 3, 0], "prerequisite_answers": [0, 0, 8, 1, 0], "good_answers": [4, 4, 0, 1, 0]}], "eval_points": [{"time": "E-17-03", "learning": 9.166666666666666, "worklevel": 5.277777777777778, "good": 8.055555555555555, "N": 9}], "grades": [{"time": "2010winter", "N_exam": 32, "N_passed": 32, "exam_avg": 10.0, "grade_dist": [0, 2, 0, 0, 0, 0, 0, 30, 0, 1]}], "course_no": "41822", "grade_percentile": 90.4432132963989, "eval_percentiles": {"learning": 82.30958230958231, "worklevel": 88.82063882063882, "good": 70.88452088452088}, "composites": {"beer_points": 5.628847845206685, "quality_points": 7.469879518072289, "beer_percentiles": 45.732349841938884, "quality_percentiles": 81.45416227608008}}