{"info": {"language": "Engelsk", "ECTS": 5, "time": "Januar", "level": "Kandidat", "name": "Eksperimentel fluid mekanik", "course_no": "41822"}, "evals": [{"time": "E-17-03", "N_responses": 9, "learning_answers": [6, 3, 0, 0, 0], "participation_answers": [5, 4, 0, 0, 0], "material_answers": [2, 5, 2, 0, 0], "clear_answers": [1, 6, 1, 0, 0], "connection_answers": [3, 3, 1, 1, 0], "worklevel_answers": [1, 0, 5, 3, 0], "prerequisite_answers": [0, 0, 8, 1, 0], "good_answers": [4, 4, 0, 1, 0]}], "eval_points": [{"time": "E-17-03", "learning": 9.166666666666666, "worklevel": 5.277777777777778, "good": 8.055555555555555, "N": 9}], "grades": [{"time": "2010winter", "N_exam": 32, "N_passed": 32, "exam_avg": 10.0, "grade_dist": [0, 2, 0, 0, 0, 0, 0, 30, 0, 1]}], "course_no": "41822", "grade_percentile": 80.86080586080585, "eval_percentiles": {"learning": 86.18693134822168, "worklevel": 46.40198511166253, "good": 89.45409429280397}, "composites": {"beer_points": 6.89134084912449, "quality_points": 8.63017466648329, "beer_percentiles": 80.10752688172043, "quality_percentiles": 95.48387096774194}}