{"info": {"language": "Engelsk", "ECTS": 5, "time": "F1B (tors 13-17)", "level": "Kandidat", "name": "Introduktion til \u00d8konometri", "course_no": "42008"}, "evals": [{"time": "F-19-13", "N_responses": 21, "learning_answers": [1, 2, 5, 4, 9], "participation_answers": [0, 3, 2, 6, 10], "material_answers": [1, 4, 6, 4, 6], "clear_answers": [0, 5, 6, 4, 6], "connection_answers": [2, 3, 7, 4, 5], "worklevel_answers": [1, 3, 12, 2, 3], "prerequisite_answers": [2, 2, 9, 4, 4], "good_answers": [1, 1, 4, 6, 8]}], "eval_points": [{"time": "F-19-13", "learning": 2.8571428571428568, "worklevel": 5.357142857142857, "good": 2.5, "N": 21}], "grades": [{"time": "2020summer", "N_exam": 38, "N_passed": 37, "exam_avg": 7.1, "grade_dist": [2, 12, 12, 7, 4, 0, 0, 0, 1, 1]}, {"time": "2019summer", "N_exam": 32, "N_passed": 28, "exam_avg": 5.1, "grade_dist": [1, 3, 12, 8, 4, 3, 1, 2]}], "course_no": "42008", "grade_percentile": 35.85164835164835, "eval_percentiles": {"learning": 56.45161290322581, "worklevel": 67.94871794871794, "good": 32.21670802315963}, "composites": {"beer_points": 5.2209762532981525, "quality_points": 5.594742813918306, "beer_percentiles": 34.193548387096776, "quality_percentiles": 40.75268817204301}}