{"info": {"language": "Engelsk", "ECTS": 5, "time": "E5A (ons 8-12)", "level": "Bachelor", "name": "Mikro- og makro\u00f8konomi", "course_no": "42005"}, "grades": [{"time": "2019summer", "N_exam": 8, "N_passed": 6, "exam_avg": 5.9, "grade_dist": [1, 1, 3, 1, 0, 2, 0, 1]}, {"time": "2018summer", "N_exam": 5, "N_passed": 4, "exam_avg": 5.0, "grade_dist": [0, 1, 1, 2, 0, 1, 0, 1]}, {"time": "2016summer", "N_exam": 5, "N_passed": 4, "exam_avg": 3.4, "grade_dist": [0, 0, 2, 1, 1, 0, 1, 1, 1]}], "course_no": "42005", "grade_percentile": 93.22033898305085, "eval_percentiles": {"learning": 16.928807947019866, "worklevel": 64.73509933774834, "good": 26.73841059602649}, "composites": {"beer_points": 7.0215219062259795, "quality_points": 6.326577350280543, "beer_percentiles": 83.68167202572347, "quality_percentiles": 55.78778135048231}}