{"info": {"language": "Engelsk", "ECTS": 5, "time": "E3A (tirs 8-12)", "level": "Kandidat", "name": "Feasibility-studier af energiprojekter", "course_no": "42004"}, "evals": [{"time": "E-18-13", "N_responses": 52, "learning_answers": [25, 17, 6, 1, 3], "participation_answers": [19, 15, 11, 1, 6], "material_answers": [27, 17, 4, 3, 1], "clear_answers": [14, 12, 14, 7, 5], "connection_answers": [26, 14, 4, 4, 3], "worklevel_answers": [0, 1, 23, 16, 12], "prerequisite_answers": [2, 2, 42, 6, 0], "good_answers": [23, 20, 5, 1, 3]}, {"time": "E-17-13", "N_responses": 78, "learning_answers": [32, 25, 12, 6, 3], "participation_answers": [30, 21, 10, 8, 8], "material_answers": [42, 20, 6, 4, 6], "clear_answers": [24, 22, 18, 7, 7], "connection_answers": [32, 19, 15, 6, 4], "worklevel_answers": [2, 4, 22, 22, 28], "prerequisite_answers": [3, 3, 52, 15, 4], "good_answers": [36, 17, 13, 7, 5]}], "eval_points": [{"time": "E-18-13", "learning": 7.884615384615384, "worklevel": 6.875, "good": 7.836538461538462, "N": 52}, {"time": "E-17-13", "learning": 7.467948717948718, "worklevel": 7.243589743589744, "good": 7.3076923076923075, "N": 78}], "course_no": "42004", "grade_percentile": 92.50913520097443, "eval_percentiles": {"learning": 17.542918454935624, "worklevel": 65.02145922746782, "good": 26.448497854077253}, "composites": {"beer_points": 6.886543535620053, "quality_points": 6.06574216743708, "beer_percentiles": 77.7482269503546, "quality_percentiles": 47.163120567375884}}