{"info": {"language": "Engelsk", "ECTS": 5, "time": "F1B (tors 13-17)", "level": "Kandidat", "name": "Introduktion til \u00d8konometri", "course_no": "42008"}, "evals": [{"time": "F-19-13", "N_responses": 21, "learning_answers": [1, 2, 5, 4, 9], "participation_answers": [0, 3, 2, 6, 10], "material_answers": [1, 4, 6, 4, 6], "clear_answers": [0, 5, 6, 4, 6], "connection_answers": [2, 3, 7, 4, 5], "worklevel_answers": [1, 3, 12, 2, 3], "prerequisite_answers": [2, 2, 9, 4, 4], "good_answers": [1, 1, 4, 6, 8]}], "eval_points": [{"time": "F-19-13", "learning": 2.8571428571428568, "worklevel": 5.357142857142857, "good": 2.5, "N": 21}], "course_no": "42008", "grade_percentile": 69.30572472594397, "eval_percentiles": {"learning": 56.652360515021456, "worklevel": 68.0793991416309, "good": 31.276824034334766}, "composites": {"beer_points": 6.0125329815303425, "quality_points": 6.391563944530046, "beer_percentiles": 55.49645390070922, "quality_percentiles": 54.07801418439716}}