{"info": {"language": "Engelsk", "ECTS": 10, "time": "E5 (ons 8-17)", "level": "Kandidat", "name": "Design Methods and Reflective Practice", "course_no": "42087"}, "evals": [{"time": "E-18-13", "N_responses": 36, "learning_answers": [13, 15, 6, 0, 2], "participation_answers": [17, 12, 4, 2, 1], "material_answers": [9, 19, 5, 2, 1], "clear_answers": [13, 10, 7, 5, 1], "connection_answers": [17, 13, 4, 1, 1], "worklevel_answers": [1, 15, 18, 2, 0], "prerequisite_answers": [0, 1, 33, 2, 0], "good_answers": [13, 16, 5, 1, 1]}], "eval_points": [{"time": "E-18-13", "learning": 7.569444444444445, "worklevel": 3.958333333333333, "good": 7.708333333333334, "N": 36}], "grades": [{"time": "2018winter", "N_exam": 37, "N_passed": 37, "exam_avg": 9.2, "grade_dist": [7, 16, 14, 0, 0, 0, 0, 1]}], "course_no": "42087", "grade_percentile": 18.796992481203006, "eval_percentiles": {"learning": 38.291380625476734, "worklevel": 29.59572845156369, "good": 32.41800152555302}, "composites": {"beer_points": 5.034003899747943, "quality_points": 5.240646136946723, "beer_percentiles": 36.25615763546798, "quality_percentiles": 32.610837438423644}}