{"info": {"language": "Engelsk", "ECTS": 5, "time": "F2B (tors 8-12)", "level": "Kandidat", "name": "Planl\u00e6gning og modellering af kollektiv trafik", "course_no": "42185"}, "evals": [{"time": "F-19-13", "N_responses": 19, "learning_answers": [5, 3, 3, 7, 1], "participation_answers": [3, 3, 7, 5, 1], "material_answers": [3, 3, 6, 6, 1], "clear_answers": [2, 7, 4, 3, 3], "connection_answers": [3, 4, 3, 7, 2], "worklevel_answers": [0, 4, 12, 3, 0], "prerequisite_answers": [1, 2, 14, 2, 0], "good_answers": [4, 3, 4, 7, 1]}], "eval_points": [{"time": "F-19-13", "learning": 5.526315789473685, "worklevel": 4.868421052631579, "good": 5.263157894736842, "N": 19}], "grades": [{"time": "2020summer", "N_exam": 25, "N_passed": 25, "exam_avg": 8.6, "grade_dist": [4, 10, 8, 3, 0, 0, 0, 1]}, {"time": "2019summer", "N_exam": 34, "N_passed": 33, "exam_avg": 8.0, "grade_dist": [4, 13, 11, 4, 1, 1, 0, 2]}], "course_no": "42185", "grade_percentile": 74.35897435897436, "eval_percentiles": {"learning": 96.7741935483871, "worklevel": 82.79569892473118, "good": 70.84367245657569}, "composites": {"beer_points": 5.54089709762533, "quality_points": 7.7609682299546146, "beer_percentiles": 41.666666666666664, "quality_percentiles": 86.93548387096774}}