{"info": {"language": "Engelsk", "ECTS": 5, "time": "F4B (fre 8-12)", "level": "Kandidat", "name": "Model-based machine learning", "course_no": "42186"}, "grades": [{"time": "2020summer", "N_exam": 80, "N_passed": 80, "exam_avg": 9.8, "grade_dist": [18, 46, 15, 1, 0, 0, 0, 3]}, {"time": "2019summer", "N_exam": 62, "N_passed": 62, "exam_avg": 9.5, "grade_dist": [21, 25, 10, 3, 3, 0, 0, 7]}, {"time": "2018summer", "N_exam": 16, "N_passed": 16, "exam_avg": 9.1, "grade_dist": [3, 7, 5, 1, 0, 0, 0, 2]}], "course_no": "42186", "grade_percentile": 45.19230769230769, "eval_percentiles": {"learning": 32.423490488006614, "worklevel": 35.359801488833746, "good": 31.30686517783292}, "composites": {"beer_points": 6.174142480211082, "quality_points": 5.733736762481089, "beer_percentiles": 61.505376344086024, "quality_percentiles": 42.68817204301075}}