{"info": {"language": "Engelsk", "ECTS": 5, "time": "E1A (man 8-12)", "level": "Kandidat", "name": "Data science inden for mobilitet", "course_no": "42184"}, "evals": [{"time": "E-18-13", "N_responses": 11, "learning_answers": [4, 6, 0, 1, 0], "participation_answers": [6, 4, 1, 0, 0], "material_answers": [6, 3, 0, 0, 1], "clear_answers": [4, 5, 2, 0, 0], "connection_answers": [3, 5, 1, 1, 0], "worklevel_answers": [0, 0, 9, 1, 1], "prerequisite_answers": [0, 0, 10, 1, 0], "good_answers": [5, 0, 3, 2, 0]}], "eval_points": [{"time": "E-18-13", "learning": 7.954545454545454, "worklevel": 5.6818181818181825, "good": 6.363636363636363, "N": 11}], "grades": [{"time": "2019winter", "N_exam": 32, "N_passed": 32, "exam_avg": 8.4, "grade_dist": [6, 11, 9, 6, 0, 0, 0, 2]}, {"time": "2018winter", "N_exam": 18, "N_passed": 17, "exam_avg": 8.8, "grade_dist": [3, 9, 4, 1, 0, 1, 0, 1]}], "course_no": "42184", "grade_percentile": 54.608695652173914, "eval_percentiles": {"learning": 55.11751326762699, "worklevel": 60.424564063684606, "good": 55.420773313115994}, "composites": {"beer_points": 5.4593750000000005, "quality_points": 6.0999206629055, "beer_percentiles": 53.02013422818792, "quality_percentiles": 60.88207094918504}}