{"info": {"language": "English", "ECTS": 5, "time": "Spring F2B (Thurs 8-12)", "level": "MSc", "name": "Planning and Modelling of Public Transport", "course_no": "42185"}, "evals": [{"time": "F-19-13", "N_responses": 19, "learning_answers": [5, 3, 3, 7, 1], "participation_answers": [3, 3, 7, 5, 1], "material_answers": [3, 3, 6, 6, 1], "clear_answers": [2, 7, 4, 3, 3], "connection_answers": [3, 4, 3, 7, 2], "worklevel_answers": [0, 4, 12, 3, 0], "prerequisite_answers": [1, 2, 14, 2, 0], "good_answers": [4, 3, 4, 7, 1]}], "eval_points": [{"time": "F-19-13", "learning": 5.526315789473685, "worklevel": 4.868421052631579, "good": 5.263157894736842, "N": 19}], "grades": [{"time": "2020summer", "N_exam": 25, "N_passed": 25, "exam_avg": 8.6, "grade_dist": [4, 10, 8, 3, 0, 0, 0, 1]}, {"time": "2019summer", "N_exam": 34, "N_passed": 33, "exam_avg": 8.0, "grade_dist": [4, 13, 11, 4, 1, 1, 0, 2]}], "course_no": "42185", "grade_percentile": 83.33333333333333, "eval_percentiles": {"learning": 28.664921465968586, "worklevel": 4.406631762652705, "good": 23.952879581151834}, "composites": {"beer_points": 8.254805880135697, "quality_points": 6.921256454388983, "beer_percentiles": 98.37209302325581, "quality_percentiles": 70.81395348837209}}