{"info": {"language": "English", "ECTS": 5, "time": "Spring F4B (Fri 8-12)", "level": "MSc", "name": "Model-based machine learning", "course_no": "42186"}, "grades": [{"time": "2020summer", "N_exam": 80, "N_passed": 80, "exam_avg": 9.8, "grade_dist": [18, 46, 15, 1, 0, 0, 0, 3]}, {"time": "2019summer", "N_exam": 62, "N_passed": 62, "exam_avg": 9.5, "grade_dist": [21, 25, 10, 3, 3, 0, 0, 7]}, {"time": "2018summer", "N_exam": 16, "N_passed": 16, "exam_avg": 9.1, "grade_dist": [3, 7, 5, 1, 0, 0, 0, 2]}], "course_no": "42186", "grade_percentile": 75.56207233626589, "eval_percentiles": {"learning": 96.72774869109948, "worklevel": 83.0715532286213, "good": 71.55322862129145}, "composites": {"beer_points": 5.54089709762533, "quality_points": 7.771084337349397, "beer_percentiles": 42.5, "quality_percentiles": 87.03488372093024}}