{"info": {"language": "Engelsk", "ECTS": 5, "time": "F4B (fre 8-12)", "level": "Kandidat", "name": "Model-based machine learning", "course_no": "42186"}, "grades": [{"time": "2020summer", "N_exam": 80, "N_passed": 80, "exam_avg": 9.8, "grade_dist": [18, 46, 15, 1, 0, 0, 0, 3]}, {"time": "2019summer", "N_exam": 62, "N_passed": 62, "exam_avg": 9.5, "grade_dist": [21, 25, 10, 3, 3, 0, 0, 7]}, {"time": "2018summer", "N_exam": 16, "N_passed": 16, "exam_avg": 9.1, "grade_dist": [3, 7, 5, 1, 0, 0, 0, 2]}], "course_no": "42186", "grade_percentile": 75.76177285318559, "eval_percentiles": {"learning": 96.76494676494677, "worklevel": 82.63718263718263, "good": 70.88452088452088}, "composites": {"beer_points": 5.54089709762533, "quality_points": 7.771084337349397, "beer_percentiles": 43.256059009483664, "quality_percentiles": 87.09167544783983}}