{"info": {"language": "Engelsk", "ECTS": 5, "time": "F4B (fre 8-12)", "level": "Kandidat", "name": "Model-based machine learning", "course_no": "42186"}, "grades": [{"time": "2019summer", "N_exam": 62, "N_passed": 62, "exam_avg": 9.5, "grade_dist": [21, 25, 10, 3, 3, 0, 0, 7]}, {"time": "2018summer", "N_exam": 16, "N_passed": 16, "exam_avg": 9.1, "grade_dist": [3, 7, 5, 1, 0, 0, 0, 2]}], "course_no": "42186", "grade_percentile": 50.52173913043478, "eval_percentiles": {"learning": 72.25170583775588, "worklevel": 18.233510235026536, "good": 89.23426838514025}, "composites": {"beer_points": 6.3576354679802956, "quality_points": 7.4874762900637135, "beer_percentiles": 75.64717162032598, "quality_percentiles": 89.64525407478428}}