{"info": {"language": "Engelsk", "ECTS": 5, "time": "F4B (fre 8-12)", "level": "Kandidat", "name": "Model-based machine learning", "course_no": "42186"}, "grades": [{"time": "2019summer", "N_exam": 62, "N_passed": 62, "exam_avg": 9.5, "grade_dist": [21, 25, 10, 3, 3, 0, 0, 7]}, {"time": "2018summer", "N_exam": 16, "N_passed": 16, "exam_avg": 9.1, "grade_dist": [3, 7, 5, 1, 0, 0, 0, 2]}], "course_no": "42186", "grade_percentile": 50.970017636684304, "eval_percentiles": {"learning": 72.23493516399695, "worklevel": 18.115942028985508, "good": 89.24485125858124}, "composites": {"beer_points": 6.3576354679802956, "quality_points": 7.4874762900637135, "beer_percentiles": 76.03864734299516, "quality_percentiles": 89.66183574879227}}