{"info": {"language": "Engelsk", "ECTS": 5, "time": "E1A (man 8-12)", "level": "Kandidat", "name": "Data science inden for mobilitet", "course_no": "42184"}, "evals": [{"time": "E-18-13", "N_responses": 11, "learning_answers": [4, 6, 0, 1, 0], "participation_answers": [6, 4, 1, 0, 0], "material_answers": [6, 3, 0, 0, 1], "clear_answers": [4, 5, 2, 0, 0], "connection_answers": [3, 5, 1, 1, 0], "worklevel_answers": [0, 0, 9, 1, 1], "prerequisite_answers": [0, 0, 10, 1, 0], "good_answers": [5, 0, 3, 2, 0]}], "eval_points": [{"time": "E-18-13", "learning": 3.1818181818181817, "worklevel": 2.272727272727273, "good": 2.5454545454545454, "N": 11}], "grades": [{"time": "2018winter", "N_exam": 18, "N_passed": 17, "exam_avg": 8.8, "grade_dist": [3, 9, 4, 1, 0, 1, 0, 1]}], "grade_percentile": 68.76199616122841, "eval_percentiles": {"learning": 55.229793977812996, "worklevel": 60.26148969889065, "good": 28.050713153724246}, "composites": {"beer_points": 2.4383094320550884, "quality_points": 2.6529111338100098, "beer_percentiles": 63.229166666666664, "quality_percentiles": 63.125}}