{"info": {"language": "Engelsk", "ECTS": 5, "time": "F4B (fre 8-12)", "level": "Kandidat", "name": "Model-based machine learning", "course_no": "42186"}, "grades": [{"time": "2019summer", "N_exam": 62, "N_passed": 62, "exam_avg": 9.5, "grade_dist": [21, 25, 10, 3, 3, 0, 0, 7]}, {"time": "2018summer", "N_exam": 16, "N_passed": 16, "exam_avg": 9.1, "grade_dist": [3, 7, 5, 1, 0, 0, 0, 2]}], "course_no": "42186", "grade_percentile": 68.63849765258216, "eval_percentiles": {"learning": 72.22647283856159, "worklevel": 18.171384850803367, "good": 89.28844682478959}, "composites": {"beer_points": 6.960251980349293, "quality_points": 8.005332500362567, "beer_percentiles": 84.60019743336623, "quality_percentiles": 93.18854886475815}}