{"info": {"language": "Engelsk", "ECTS": 5, "time": "E1A (man 8-12)", "level": "Kandidat", "name": "Data science inden for mobilitet", "course_no": "42184"}, "evals": [{"time": "E-18-13", "N_responses": 11, "learning_answers": [4, 6, 0, 1, 0], "participation_answers": [6, 4, 1, 0, 0], "material_answers": [6, 3, 0, 0, 1], "clear_answers": [4, 5, 2, 0, 0], "connection_answers": [3, 5, 1, 1, 0], "worklevel_answers": [0, 0, 9, 1, 1], "prerequisite_answers": [0, 0, 10, 1, 0], "good_answers": [5, 0, 3, 2, 0]}], "eval_points": [{"time": "E-18-13", "learning": 7.954545454545454, "worklevel": 5.6818181818181825, "good": 6.363636363636363, "N": 11}], "grades": [{"time": "2018winter", "N_exam": 18, "N_passed": 17, "exam_avg": 8.8, "grade_dist": [3, 9, 4, 1, 0, 1, 0, 1]}], "course_no": "42184", "grade_percentile": 32.07729468599034, "eval_percentiles": {"learning": 36.290967226219024, "worklevel": 42.126298960831335, "good": 35.97122302158273}, "composites": {"beer_points": 5.505677756164064, "quality_points": 5.622539078836275, "beer_percentiles": 48.728813559322035, "quality_percentiles": 39.936440677966104}}