{"info": {"language": "Engelsk", "ECTS": 5, "time": "E2A (man 13-17)", "level": "Kandidat", "name": "B\u00e6redygtighedsindikatorer og b\u00e6redygtig byudvikling", "course_no": "42274"}, "evals": [{"time": "E-18-13", "N_responses": 27, "learning_answers": [4, 11, 9, 3, 0], "participation_answers": [5, 12, 6, 4, 0], "material_answers": [3, 13, 7, 4, 0], "clear_answers": [3, 12, 8, 2, 0], "connection_answers": [9, 10, 4, 4, 0], "worklevel_answers": [0, 1, 20, 6, 0], "prerequisite_answers": [0, 0, 25, 2, 0], "good_answers": [5, 15, 4, 3, 0]}, {"time": "E-17-13", "N_responses": 35, "learning_answers": [7, 17, 4, 3, 4], "participation_answers": [6, 19, 7, 2, 1], "material_answers": [7, 18, 5, 2, 3], "clear_answers": [10, 12, 7, 6, 0], "connection_answers": [10, 15, 6, 3, 1], "worklevel_answers": [1, 3, 24, 6, 1], "prerequisite_answers": [0, 1, 34, 0, 0], "good_answers": [12, 16, 1, 4, 2]}], "eval_points": [{"time": "E-18-13", "learning": 2.5925925925925926, "worklevel": 2.185185185185185, "good": 2.814814814814815, "N": 27}, {"time": "E-17-13", "learning": 2.5714285714285716, "worklevel": 2.085714285714286, "good": 2.914285714285714, "N": 35}], "grades": [{"time": "2018winter", "N_exam": 65, "N_passed": 65, "exam_avg": 10.2, "grade_dist": [23, 32, 8, 2, 0, 0, 0, 2]}, {"time": "2017winter", "N_exam": 52, "N_passed": 51, "exam_avg": 9.8, "grade_dist": [17, 21, 12, 0, 0, 1, 0, 1, 0]}], "course_no": "42274", "grade_percentile": 68.74396135265701, "eval_percentiles": {"learning": 31.135091926458834, "worklevel": 70.50359712230215, "good": 28.497202238209432}, "composites": {"beer_points": 73.40628447924067, "quality_points": 63.6322360953462, "beer_percentiles": 69.70338983050847, "quality_percentiles": 55.08474576271186}}