{"info": {"language": "Engelsk", "ECTS": 5, "time": "F2A (man 13-17)", "level": "Kandidat", "name": "B\u00e6redygtig byudvikling: en projektbaseret tilgang", "course_no": "42275"}, "evals": [{"time": "F-18-13", "N_responses": 32, "learning_answers": [10, 14, 5, 3, 0], "participation_answers": [15, 9, 6, 2, 0], "material_answers": [12, 12, 6, 1, 1], "clear_answers": [5, 10, 13, 2, 2], "connection_answers": [13, 12, 4, 2, 0], "worklevel_answers": [1, 5, 19, 7, 0], "prerequisite_answers": [1, 1, 28, 2, 0], "good_answers": [16, 12, 3, 1, 0]}, {"time": "F-17-13", "N_responses": 21, "learning_answers": [1, 6, 8, 3, 3], "participation_answers": [4, 8, 4, 3, 2], "material_answers": [1, 10, 4, 2, 4], "clear_answers": [2, 7, 7, 3, 2], "connection_answers": [1, 9, 4, 4, 2], "worklevel_answers": [0, 5, 10, 5, 1], "prerequisite_answers": [1, 1, 17, 1, 1], "good_answers": [2, 11, 3, 3, 2]}], "eval_points": [{"time": "F-18-13", "learning": 7.421875, "worklevel": 5.0, "good": 8.359375, "N": 32}, {"time": "F-17-13", "learning": 4.8809523809523805, "worklevel": 5.238095238095238, "good": 5.9523809523809526, "N": 21}], "course_no": "42275", "grade_percentile": 47.29468599033817, "eval_percentiles": {"learning": 35.53157474020784, "worklevel": 35.53157474020784, "good": 45.64348521183054}, "composites": {"beer_points": 5.991820040899794, "quality_points": 6.150113231963766, "beer_percentiles": 63.93008474576271, "quality_percentiles": 53.49576271186441}}