{"info": {"language": "Engelsk", "ECTS": 5, "time": "E2A (man 13-17)", "level": "Kandidat", "name": "B\u00e6redygtighed i ledelse", "course_no": "42351"}, "evals": [{"time": "E-18-13", "N_responses": 55, "learning_answers": [9, 15, 17, 11, 3], "participation_answers": [8, 10, 22, 12, 3], "material_answers": [8, 16, 15, 16, 0], "clear_answers": [7, 10, 19, 15, 3], "connection_answers": [10, 12, 19, 11, 1], "worklevel_answers": [3, 14, 27, 8, 3], "prerequisite_answers": [1, 2, 47, 3, 2], "good_answers": [11, 15, 16, 10, 2]}], "eval_points": [{"time": "E-18-13", "learning": 5.7272727272727275, "worklevel": 4.7272727272727275, "good": 5.954545454545455, "N": 55}], "course_no": "42351", "grade_percentile": 37.570621468926554, "eval_percentiles": {"learning": 74.87582781456953, "worklevel": 71.64735099337749, "good": 63.45198675496689}, "composites": {"beer_points": 4.9613657510417095, "quality_points": 6.643584226798531, "beer_percentiles": 32.31511254019293, "quality_percentiles": 63.5048231511254}}