{"info": {"language": "English", "ECTS": 5, "time": "Autumn E2A (Mon 13-17)", "level": "MSc", "name": "Sustainability in management", "course_no": "42351"}, "evals": [{"time": "E-18-13", "N_responses": 55, "learning_answers": [9, 15, 17, 11, 3], "participation_answers": [8, 10, 22, 12, 3], "material_answers": [8, 16, 15, 16, 0], "clear_answers": [7, 10, 19, 15, 3], "connection_answers": [10, 12, 19, 11, 1], "worklevel_answers": [3, 14, 27, 8, 3], "prerequisite_answers": [1, 2, 47, 3, 2], "good_answers": [11, 15, 16, 10, 2]}], "eval_points": [{"time": "E-18-13", "learning": 5.7272727272727275, "worklevel": 4.7272727272727275, "good": 5.954545454545455, "N": 55}], "grades": [{"time": "2018winter", "N_exam": 122, "N_passed": 122, "exam_avg": 9.3, "grade_dist": [23, 62, 30, 7, 0, 0, 0, 3]}], "course_no": "42351", "grade_percentile": 29.27663734115347, "eval_percentiles": {"learning": 76.09075043630017, "worklevel": 72.38219895287958, "good": 64.44153577661432}, "composites": {"beer_points": 4.865990834606305, "quality_points": 6.321337983512998, "beer_percentiles": 25.11627906976744, "quality_percentiles": 56.395348837209305}}