{"info": {"language": "Engelsk", "ECTS": 5, "time": "E2A (man 13-17)", "level": "Kandidat", "name": "B\u00e6redygtighed i ledelse", "course_no": "42351"}, "evals": [{"time": "E-18-13", "N_responses": 55, "learning_answers": [9, 15, 17, 11, 3], "participation_answers": [8, 10, 22, 12, 3], "material_answers": [8, 16, 15, 16, 0], "clear_answers": [7, 10, 19, 15, 3], "connection_answers": [10, 12, 19, 11, 1], "worklevel_answers": [3, 14, 27, 8, 3], "prerequisite_answers": [1, 2, 47, 3, 2], "good_answers": [11, 15, 16, 10, 2]}], "eval_points": [{"time": "E-18-13", "learning": 2.290909090909091, "worklevel": 1.8909090909090909, "good": 2.381818181818182, "N": 55}], "grades": [{"time": "2018winter", "N_exam": 122, "N_passed": 122, "exam_avg": 9.3, "grade_dist": [23, 62, 30, 7, 0, 0, 0, 3]}], "grade_percentile": 79.32879377431907, "eval_percentiles": {"learning": 13.966480446927374, "worklevel": 24.102154828411813, "good": 21.14924181963288}, "composites": {"beer_points": 2.813162297824875, "quality_points": 2.606332992849847, "beer_percentiles": 86.36363636363636, "quality_percentiles": 60.99365750528541}}