{"info": {"language": "English", "ECTS": 10, "time": "Autumn E1 (Mon 8-12, Thurs 13-17)", "level": "MSc", "name": "Life Cycle Assessment of Products and Systems", "course_no": "42372"}, "evals": [{"time": "E-17-13", "N_responses": 68, "learning_answers": [39, 19, 6, 3, 1], "participation_answers": [27, 22, 13, 4, 1], "material_answers": [19, 27, 12, 8, 2], "clear_answers": [24, 24, 14, 4, 2], "connection_answers": [28, 29, 3, 6, 2], "worklevel_answers": [1, 2, 16, 30, 19], "prerequisite_answers": [1, 2, 55, 7, 3], "good_answers": [29, 20, 11, 5, 2]}, {"time": "E-16-13", "N_responses": 59, "learning_answers": [23, 19, 10, 7, 0], "participation_answers": [20, 18, 14, 6, 1], "material_answers": [21, 15, 7, 10, 6], "clear_answers": [15, 19, 14, 7, 4], "connection_answers": [16, 18, 14, 8, 3], "worklevel_answers": [0, 1, 21, 24, 13], "prerequisite_answers": [1, 1, 51, 4, 2], "good_answers": [20, 23, 6, 7, 3]}], "eval_points": [{"time": "E-17-13", "learning": 8.382352941176471, "worklevel": 7.352941176470589, "good": 7.463235294117647, "N": 68}, {"time": "E-16-13", "learning": 7.4576271186440675, "worklevel": 7.076271186440678, "good": 7.11864406779661, "N": 59}], "course_no": "42372", "grade_percentile": 68.7683284457478, "eval_percentiles": {"learning": 32.80977312390925, "worklevel": 70.89877835951134, "good": 29.62478184991274}, "composites": {"beer_points": 5.910290237467019, "quality_points": 5.707831325301204, "beer_percentiles": 54.76744186046512, "quality_percentiles": 42.55813953488372}}