{"info": {"language": "Engelsk", "ECTS": 5, "time": "Juni", "level": "Kandidat", "name": "Simulering i operations management", "course_no": "42417"}, "evals": [{"time": "F-19-03JUN", "N_responses": 33, "learning_answers": [15, 16, 0, 1, 1], "participation_answers": [17, 9, 3, 0, 4], "material_answers": [4, 15, 7, 4, 3], "clear_answers": [12, 9, 3, 5, 4], "connection_answers": [7, 12, 7, 2, 5], "worklevel_answers": [1, 3, 12, 7, 10], "prerequisite_answers": [3, 1, 27, 1, 0], "good_answers": [11, 10, 4, 5, 3]}, {"time": "F-18-03JUN", "N_responses": 27, "learning_answers": [13, 12, 2, 0, 0], "participation_answers": [18, 6, 1, 2, 0], "material_answers": [4, 10, 9, 3, 1], "clear_answers": [6, 7, 7, 7, 0], "connection_answers": [10, 9, 5, 3, 0], "worklevel_answers": [0, 2, 14, 9, 2], "prerequisite_answers": [0, 2, 23, 2, 0], "good_answers": [15, 5, 4, 0, 2]}], "eval_points": [{"time": "F-19-03JUN", "learning": 3.303030303030303, "worklevel": 2.6666666666666665, "good": 2.6363636363636362, "N": 33}, {"time": "F-18-03JUN", "learning": 3.4074074074074074, "worklevel": 2.4074074074074074, "good": 3.074074074074074, "N": 27}], "grades": [{"time": "2019summer", "N_exam": 114, "N_passed": 110, "exam_avg": 8.5, "grade_dist": [27, 38, 35, 8, 2, 0, 4, 2]}, {"time": "2018summer", "N_exam": 94, "N_passed": 93, "exam_avg": 9.7, "grade_dist": [25, 48, 18, 1, 1, 0, 1, 4]}], "course_no": "42417", "grade_percentile": 87.97101449275362, "eval_percentiles": {"learning": 28.577138289368506, "worklevel": 58.792965627498, "good": 25.85931254996003}, "composites": {"beer_points": 82.43202394087331, "quality_points": 71.3961407491487, "beer_percentiles": 88.55932203389831, "quality_percentiles": 74.20550847457628}}