{"info": {"language": "Engelsk", "ECTS": 5, "time": "Juni", "level": "Kandidat", "name": "Simulering i operations management", "course_no": "42417"}, "evals": [{"time": "F-19-03JUN", "N_responses": 33, "learning_answers": [15, 16, 0, 1, 1], "participation_answers": [17, 9, 3, 0, 4], "material_answers": [4, 15, 7, 4, 3], "clear_answers": [12, 9, 3, 5, 4], "connection_answers": [7, 12, 7, 2, 5], "worklevel_answers": [1, 3, 12, 7, 10], "prerequisite_answers": [3, 1, 27, 1, 0], "good_answers": [11, 10, 4, 5, 3]}, {"time": "F-18-03JUN", "N_responses": 27, "learning_answers": [13, 12, 2, 0, 0], "participation_answers": [18, 6, 1, 2, 0], "material_answers": [4, 10, 9, 3, 1], "clear_answers": [6, 7, 7, 7, 0], "connection_answers": [10, 9, 5, 3, 0], "worklevel_answers": [0, 2, 14, 9, 2], "prerequisite_answers": [0, 2, 23, 2, 0], "good_answers": [15, 5, 4, 0, 2]}], "eval_points": [{"time": "F-19-03JUN", "learning": 8.257575757575758, "worklevel": 6.666666666666666, "good": 6.590909090909091, "N": 33}, {"time": "F-18-03JUN", "learning": 8.518518518518519, "worklevel": 6.018518518518519, "good": 7.685185185185185, "N": 27}], "course_no": "42417", "grade_percentile": 44.64068209500609, "eval_percentiles": {"learning": 89.5922746781116, "worklevel": 95.3862660944206, "good": 81.75965665236052}, "composites": {"beer_points": 3.8908057641566884, "quality_points": 6.62202204575086, "beer_percentiles": 9.397163120567376, "quality_percentiles": 59.751773049645394}}