{"info": {"language": "Engelsk", "ECTS": 5, "time": "E4A (tirs 13-17)", "level": "Kandidat", "name": "Strategi og planl\u00e6gningsmetoder", "course_no": "42530"}, "evals": [{"time": "E-18-13", "N_responses": 19, "learning_answers": [3, 6, 4, 3, 3], "participation_answers": [10, 5, 3, 0, 1], "material_answers": [5, 3, 6, 4, 1], "clear_answers": [3, 7, 3, 5, 1], "connection_answers": [6, 5, 7, 0, 1], "worklevel_answers": [2, 2, 12, 2, 1], "prerequisite_answers": [1, 1, 14, 2, 1], "good_answers": [3, 5, 6, 3, 2]}, {"time": "E-17-13", "N_responses": 23, "learning_answers": [7, 9, 4, 3, 0], "participation_answers": [16, 5, 1, 1, 0], "material_answers": [5, 13, 2, 2, 1], "clear_answers": [6, 4, 5, 5, 3], "connection_answers": [11, 6, 4, 2, 0], "worklevel_answers": [0, 2, 16, 3, 1], "prerequisite_answers": [0, 1, 20, 1, 1], "good_answers": [8, 9, 4, 2, 0]}], "eval_points": [{"time": "E-18-13", "learning": 5.394736842105264, "worklevel": 4.7368421052631575, "good": 5.526315789473685, "N": 19}, {"time": "E-17-13", "learning": 7.173913043478261, "worklevel": 5.108695652173914, "good": 7.5, "N": 23}], "grades": [{"time": "2018winter", "N_exam": 54, "N_passed": 53, "exam_avg": 7.6, "grade_dist": [11, 11, 16, 12, 3, 1, 0, 3]}], "course_no": "42530", "grade_percentile": 28.21256038647343, "eval_percentiles": {"learning": 59.47242206235012, "worklevel": 24.90007993605116, "good": 55.03597122302158}, "composites": {"beer_points": 5.658040100604094, "quality_points": 6.291792634902218, "beer_percentiles": 54.02542372881356, "quality_percentiles": 57.309322033898304}}