{"info": {"language": "Engelsk", "ECTS": 5, "time": "E1A (man 8-12)", "level": "Kandidat", "name": "Introduktion til Business Analytics", "course_no": "42577"}, "evals": [{"time": "F-19-13", "N_responses": 3, "learning_answers": [0, 1, 1, 0, 1], "participation_answers": [0, 1, 2, 0, 0], "material_answers": [1, 1, 0, 0, 1], "clear_answers": [0, 1, 1, 0, 1], "connection_answers": [2, 0, 0, 0, 1], "worklevel_answers": [0, 2, 0, 1, 0], "prerequisite_answers": [0, 0, 2, 0, 1], "good_answers": [0, 2, 0, 1, 0]}], "eval_points": [{"time": "F-19-13", "learning": 4.166666666666667, "worklevel": 4.166666666666667, "good": 5.833333333333334, "N": 3}], "grades": [{"time": "2020winter", "N_exam": 172, "N_passed": 163, "exam_avg": 9.0, "grade_dist": [46, 57, 43, 15, 2, 3, 0, 0, 6, 4]}, {"time": "2019winter", "N_exam": 96, "N_passed": 95, "exam_avg": 8.4, "grade_dist": [15, 34, 34, 12, 0, 1, 0, 1]}], "course_no": "42577", "grade_percentile": 29.293544457978076, "eval_percentiles": {"learning": 51.44849785407725, "worklevel": 26.233905579399142, "good": 62.98283261802575}, "composites": {"beer_points": 5.931878148236987, "quality_points": 6.5835551197646724, "beer_percentiles": 52.12765957446808, "quality_percentiles": 57.97872340425532}}