{"info": {"language": "Engelsk", "ECTS": 5, "time": "E1A (man 8-12)", "level": "Kandidat", "name": "Introduktion til Business Analytics", "course_no": "42577"}, "evals": [{"time": "F-19-13", "N_responses": 3, "learning_answers": [0, 1, 1, 0, 1], "participation_answers": [0, 1, 2, 0, 0], "material_answers": [1, 1, 0, 0, 1], "clear_answers": [0, 1, 1, 0, 1], "connection_answers": [2, 0, 0, 0, 1], "worklevel_answers": [0, 2, 0, 1, 0], "prerequisite_answers": [0, 0, 2, 0, 1], "good_answers": [0, 2, 0, 1, 0]}], "eval_points": [{"time": "F-19-13", "learning": 4.166666666666667, "worklevel": 4.166666666666667, "good": 5.833333333333334, "N": 3}], "course_no": "42577", "grade_percentile": 77.47175141242938, "eval_percentiles": {"learning": 64.0728476821192, "worklevel": 82.57450331125828, "good": 32.11920529801324}, "composites": {"beer_points": 5.595695618754805, "quality_points": 6.488554386184066, "beer_percentiles": 48.87459807073955, "quality_percentiles": 60.28938906752411}}