{"info": {"language": "Engelsk", "ECTS": 5, "time": "E1A (man 8-12)", "level": "Kandidat", "name": "Introduktion til Business Analytics", "course_no": "42577"}, "evals": [{"time": "F-19-13", "N_responses": 3, "learning_answers": [0, 1, 1, 0, 1], "participation_answers": [0, 1, 2, 0, 0], "material_answers": [1, 1, 0, 0, 1], "clear_answers": [0, 1, 1, 0, 1], "connection_answers": [2, 0, 0, 0, 1], "worklevel_answers": [0, 2, 0, 1, 0], "prerequisite_answers": [0, 0, 2, 0, 1], "good_answers": [0, 2, 0, 1, 0]}], "eval_points": [{"time": "F-19-13", "learning": 4.166666666666667, "worklevel": 4.166666666666667, "good": 5.833333333333334, "N": 3}], "course_no": "42577", "grade_percentile": 63.38028169014085, "eval_percentiles": {"learning": 6.044376434583015, "worklevel": 3.1369548584544757, "good": 13.69548584544759}, "composites": {"beer_points": 7.736877982276755, "quality_points": 5.289550307343902, "beer_percentiles": 95.75518262586377, "quality_percentiles": 33.85982230997038}}