{"info": {"language": "Engelsk", "ECTS": 5, "time": "F3B (fre 13-17)", "level": "Kandidat", "name": "Advanced Business Analytics", "course_no": "42578"}, "grades": [{"time": "2020summer", "N_exam": 74, "N_passed": 74, "exam_avg": 11.2, "grade_dist": [47, 25, 2, 0, 0, 0, 0, 3]}, {"time": "2019winter", "N_exam": 47, "N_passed": 47, "exam_avg": 10.1, "grade_dist": [18, 19, 10, 0, 0, 0, 0, 1]}], "course_no": "42578", "grade_percentile": 25.16158818097876, "eval_percentiles": {"learning": 59.70515970515971, "worklevel": 24.610974610974612, "good": 55.24160524160524}, "composites": {"beer_points": 5.798380493130743, "quality_points": 6.362172829248026, "beer_percentiles": 51.949420442571125, "quality_percentiles": 57.428872497365646}}