{"info": {"language": "Engelsk", "ECTS": 5, "time": "E1A (man 8-12)", "level": "Kandidat", "name": "Introduktion til Business Analytics", "course_no": "42577"}, "evals": [{"time": "F-19-13", "N_responses": 3, "learning_answers": [0, 1, 1, 0, 1], "participation_answers": [0, 1, 2, 0, 0], "material_answers": [1, 1, 0, 0, 1], "clear_answers": [0, 1, 1, 0, 1], "connection_answers": [2, 0, 0, 0, 1], "worklevel_answers": [0, 2, 0, 1, 0], "prerequisite_answers": [0, 0, 2, 0, 1], "good_answers": [0, 2, 0, 1, 0]}], "eval_points": [{"time": "F-19-13", "learning": 4.166666666666667, "worklevel": 4.166666666666667, "good": 5.833333333333334, "N": 3}], "grades": [{"time": "2019winter", "N_exam": 96, "N_passed": 95, "exam_avg": 8.4, "grade_dist": [15, 34, 34, 12, 0, 1, 0, 1]}], "course_no": "42577", "grade_percentile": 73.59187442289935, "eval_percentiles": {"learning": 64.12776412776412, "worklevel": 82.63718263718263, "good": 32.514332514332516}, "composites": {"beer_points": 5.488126649076518, "quality_points": 6.151423877327491, "beer_percentiles": 42.2550052687039, "quality_percentiles": 52.58166491043203}}