{"info": {"language": "English", "ECTS": 5, "time": "Spring F3B (Fri 13-17)", "level": "MSc", "name": "Advanced Business Analytics", "course_no": "42578"}, "grades": [{"time": "2020summer", "N_exam": 74, "N_passed": 74, "exam_avg": 11.2, "grade_dist": [47, 25, 2, 0, 0, 0, 0, 3]}, {"time": "2019winter", "N_exam": 47, "N_passed": 47, "exam_avg": 10.1, "grade_dist": [18, 19, 10, 0, 0, 0, 0, 1]}], "course_no": "42578", "grade_percentile": 25.95307917888563, "eval_percentiles": {"learning": 60.82024432809773, "worklevel": 25.0, "good": 55.97731239092496}, "composites": {"beer_points": 5.798380493130743, "quality_points": 6.362172829248026, "beer_percentiles": 51.395348837209305, "quality_percentiles": 57.2093023255814}}