{"info": {"language": "Engelsk", "ECTS": 5, "time": "E1A (man 8-12)", "level": "Kandidat", "name": "Introduktion til Business Analytics", "course_no": "42577"}, "evals": [{"time": "F-19-13", "N_responses": 3, "learning_answers": [0, 1, 1, 0, 1], "participation_answers": [0, 1, 2, 0, 0], "material_answers": [1, 1, 0, 0, 1], "clear_answers": [0, 1, 1, 0, 1], "connection_answers": [2, 0, 0, 0, 1], "worklevel_answers": [0, 2, 0, 1, 0], "prerequisite_answers": [0, 0, 2, 0, 1], "good_answers": [0, 2, 0, 1, 0]}], "eval_points": [{"time": "F-19-13", "learning": 4.166666666666667, "worklevel": 4.166666666666667, "good": 5.833333333333334, "N": 3}], "grades": [{"time": "2019winter", "N_exam": 96, "N_passed": 95, "exam_avg": 8.4, "grade_dist": [15, 34, 34, 12, 0, 1, 0, 1]}], "course_no": "42577", "grade_percentile": 62.08695652173913, "eval_percentiles": {"learning": 6.0652009097801365, "worklevel": 3.2600454890068233, "good": 13.570887035633055}, "composites": {"beer_points": 7.62857142857143, "quality_points": 4.866008462623413, "beer_percentiles": 95.15819750719079, "quality_percentiles": 32.4065196548418}}