{"info": {"language": "Engelsk", "ECTS": 5, "time": "F3B (fre 13-17)", "level": "Kandidat", "name": "Advanced Business Analytics", "course_no": "42578"}, "grades": [{"time": "2020summer", "N_exam": 74, "N_passed": 74, "exam_avg": 11.2, "grade_dist": [47, 25, 2, 0, 0, 0, 0, 3]}, {"time": "2019winter", "N_exam": 47, "N_passed": 47, "exam_avg": 10.1, "grade_dist": [18, 19, 10, 0, 0, 0, 0, 1]}], "course_no": "42578", "grade_percentile": 72.11538461538461, "eval_percentiles": {"learning": 63.85442514474772, "worklevel": 82.79569892473118, "good": 32.754342431761785}, "composites": {"beer_points": 5.488126649076518, "quality_points": 6.133956814743501, "beer_percentiles": 40.75268817204301, "quality_percentiles": 51.72043010752688}}