{"info": {"language": "Dansk", "ECTS": 5, "time": "E1A (man 8-12)", "level": "Bachelor", "name": "Introduktion til Operations og Supply Chain Management", "course_no": "42587"}, "grades": [{"time": "2020winter", "N_exam": 96, "N_passed": 85, "exam_avg": 7.2, "grade_dist": [18, 14, 28, 21, 4, 4, 0, 0, 7, 1, 1]}, {"time": "2019winter", "N_exam": 90, "N_passed": 86, "exam_avg": 7.1, "grade_dist": [11, 24, 27, 15, 9, 3, 1, 3]}], "course_no": "42587", "grade_percentile": 57.005494505494504, "eval_percentiles": {"learning": 2.4813895781637716, "worklevel": 7.526881720430108, "good": 9.057071960297767}, "composites": {"beer_points": 7.337491005037179, "quality_points": 4.195335677937797, "beer_percentiles": 88.9247311827957, "quality_percentiles": 16.021505376344088}}