{"info": {"language": "Dansk", "ECTS": 5, "time": "August  og  Januar", "level": "Bachelor", "name": "Ingeni\u00f8rfagets videnskabsteori (august/januar)", "course_no": "42611"}, "evals": [{"time": "F-19-03AUG", "N_responses": 63, "learning_answers": [12, 19, 25, 4, 3], "participation_answers": [19, 20, 17, 7, 0], "material_answers": [6, 20, 19, 16, 2], "clear_answers": [9, 24, 20, 6, 4], "connection_answers": [12, 25, 20, 2, 3], "worklevel_answers": [5, 16, 38, 2, 2], "prerequisite_answers": [0, 1, 59, 2, 1], "good_answers": [8, 24, 22, 6, 3]}, {"time": "F-18-03AUG", "N_responses": 36, "learning_answers": [12, 19, 4, 1, 0], "participation_answers": [12, 17, 7, 0, 0], "material_answers": [6, 16, 10, 4, 0], "clear_answers": [8, 20, 8, 0, 0], "connection_answers": [13, 17, 6, 0, 0], "worklevel_answers": [1, 17, 17, 1, 0], "prerequisite_answers": [0, 0, 33, 2, 1], "good_answers": [12, 18, 3, 3, 0]}], "eval_points": [{"time": "F-19-03AUG", "learning": 2.5238095238095237, "worklevel": 1.6825396825396826, "good": 2.4444444444444446, "N": 63}, {"time": "F-18-03AUG", "learning": 3.1666666666666665, "worklevel": 1.5, "good": 3.0833333333333335, "N": 36}], "grades": [{"time": "2019summer", "N_exam": 154, "N_passed": 152, "exam_avg": 8.8, "grade_dist": [39, 48, 52, 12, 1, 1, 1, 3]}, {"time": "2018summer", "N_exam": 59, "N_passed": 56, "exam_avg": 7.8, "grade_dist": [17, 12, 12, 10, 5, 3, 0, 4]}], "grade_percentile": 68.74396135265701, "eval_percentiles": {"learning": 20.543565147881694, "worklevel": 13.029576338928857, "good": 23.58113509192646}, "composites": {"beer_points": 2.874541500308372, "quality_points": 2.6340197827144483, "beer_percentiles": 88.45338983050847, "quality_percentiles": 61.1228813559322}}