{"info": {"language": "Engelsk", "ECTS": 5, "time": "August  og  Januar", "level": "Bachelor", "name": "Ingeni\u00f8rfagets videnskabsteori (august/januar)", "course_no": "42611"}, "evals": [{"time": "F-19-03AUG", "N_responses": 63, "learning_answers": [12, 19, 25, 4, 3], "participation_answers": [19, 20, 17, 7, 0], "material_answers": [6, 20, 19, 16, 2], "clear_answers": [9, 24, 20, 6, 4], "connection_answers": [12, 25, 20, 2, 3], "worklevel_answers": [5, 16, 38, 2, 2], "prerequisite_answers": [0, 1, 59, 2, 1], "good_answers": [8, 24, 22, 6, 3]}, {"time": "F-18-03AUG", "N_responses": 36, "learning_answers": [12, 19, 4, 1, 0], "participation_answers": [12, 17, 7, 0, 0], "material_answers": [6, 16, 10, 4, 0], "clear_answers": [8, 20, 8, 0, 0], "connection_answers": [13, 17, 6, 0, 0], "worklevel_answers": [1, 17, 17, 1, 0], "prerequisite_answers": [0, 0, 33, 2, 1], "good_answers": [12, 18, 3, 3, 0]}], "eval_points": [{"time": "F-19-03AUG", "learning": 6.309523809523809, "worklevel": 4.2063492063492065, "good": 6.111111111111112, "N": 63}, {"time": "F-18-03AUG", "learning": 7.916666666666666, "worklevel": 3.75, "good": 7.708333333333334, "N": 36}], "grades": [{"time": "2019summer", "N_exam": 157, "N_passed": 155, "exam_avg": 8.8, "grade_dist": [40, 49, 52, 12, 2, 1, 1, 3]}, {"time": "2018summer", "N_exam": 59, "N_passed": 56, "exam_avg": 7.8, "grade_dist": [17, 12, 12, 10, 5, 3, 0, 4]}], "course_no": "42611", "grade_percentile": 44.03195488721804, "eval_percentiles": {"learning": 10.755148741418765, "worklevel": 25.01906941266209, "good": 16.857360793287565}, "composites": {"beer_points": 6.098016001148064, "quality_points": 4.752847826457116, "beer_percentiles": 65.86206896551724, "quality_percentiles": 22.463054187192117}}