{"info": {"language": "Engelsk", "ECTS": 10, "time": "F3 (tirs 8-12, fre 13-17)  eller  E3 (tirs 8-12, fre 13-17)", "level": "Kandidat", "name": "X-Tech Entrepreneurship (formerly HardTech)", "course_no": "42634"}, "evals": [{"time": "F-19-13", "N_responses": 32, "learning_answers": [15, 11, 3, 3, 0], "participation_answers": [16, 11, 2, 2, 1], "material_answers": [9, 11, 8, 4, 0], "clear_answers": [7, 9, 10, 3, 3], "connection_answers": [12, 14, 3, 3, 0], "worklevel_answers": [0, 0, 21, 10, 1], "prerequisite_answers": [0, 0, 31, 1, 0], "good_answers": [18, 10, 1, 2, 1]}], "eval_points": [{"time": "F-19-13", "learning": 7.96875, "worklevel": 5.9375, "good": 8.28125, "N": 32}], "course_no": "42634", "grade_percentile": 93.69488536155202, "eval_percentiles": {"learning": 66.0183066361556, "worklevel": 83.37147215865751, "good": 87.75743707093821}, "composites": {"beer_points": 5.914285714285716, "quality_points": 7.475317348377998, "beer_percentiles": 66.13526570048309, "quality_percentiles": 89.46859903381643}}