{"info": {"language": "English", "ECTS": 10, "time": "Spring F3 (Tues 8-12, Fri 13-17)  or  Autumn E3 (Tues 8-12, Fri 13-17)", "level": "MSc", "name": "X-Tech Entrepreneurship", "course_no": "42634"}, "evals": [{"time": "F-19-13", "N_responses": 32, "learning_answers": [15, 11, 3, 3, 0], "participation_answers": [16, 11, 2, 2, 1], "material_answers": [9, 11, 8, 4, 0], "clear_answers": [7, 9, 10, 3, 3], "connection_answers": [12, 14, 3, 3, 0], "worklevel_answers": [0, 0, 21, 10, 1], "prerequisite_answers": [0, 0, 31, 1, 0], "good_answers": [18, 10, 1, 2, 1]}], "eval_points": [{"time": "F-19-13", "learning": 7.96875, "worklevel": 5.9375, "good": 8.28125, "N": 32}], "course_no": "42634", "grade_percentile": 86.6080156402737, "eval_percentiles": {"learning": 67.01570680628272, "worklevel": 53.446771378708554, "good": 80.36649214659685}, "composites": {"beer_points": 6.899736147757257, "quality_points": 8.087349397590362, "beer_percentiles": 81.04651162790698, "quality_percentiles": 91.3953488372093}}