{"info": {"language": "Engelsk", "ECTS": 10, "time": "F3 (tirs 8-12, fre 13-17)  eller  E3 (tirs 8-12, fre 13-17)", "level": "Kandidat", "name": "X-Tech Entrepreneurship", "course_no": "42634"}, "evals": [{"time": "F-19-13", "N_responses": 32, "learning_answers": [15, 11, 3, 3, 0], "participation_answers": [16, 11, 2, 2, 1], "material_answers": [9, 11, 8, 4, 0], "clear_answers": [7, 9, 10, 3, 3], "connection_answers": [12, 14, 3, 3, 0], "worklevel_answers": [0, 0, 21, 10, 1], "prerequisite_answers": [0, 0, 31, 1, 0], "good_answers": [18, 10, 1, 2, 1]}], "eval_points": [{"time": "F-19-13", "learning": 7.96875, "worklevel": 5.9375, "good": 8.28125, "N": 32}], "course_no": "42634", "grade_percentile": 86.98060941828255, "eval_percentiles": {"learning": 66.17526617526617, "worklevel": 52.90745290745291, "good": 79.77067977067978}, "composites": {"beer_points": 6.899736147757257, "quality_points": 8.087349397590362, "beer_percentiles": 81.45416227608008, "quality_percentiles": 91.57007376185459}}