{"info": {"language": "Engelsk", "ECTS": 5, "time": "For\u00e5r", "level": "Ph.d.", "name": "Introduktion til Balmorel", "course_no": "42712"}, "evals": [{"time": "F-18-13", "N_responses": 9, "learning_answers": [7, 1, 0, 1, 0], "participation_answers": [7, 0, 1, 1, 0], "material_answers": [6, 1, 0, 2, 0], "clear_answers": [5, 1, 2, 1, 0], "connection_answers": [6, 1, 1, 1, 0], "worklevel_answers": [0, 1, 6, 2, 0], "prerequisite_answers": [0, 0, 7, 2, 0], "good_answers": [7, 1, 0, 1, 0]}], "eval_points": [{"time": "F-18-13", "learning": 8.88888888888889, "worklevel": 5.277777777777778, "good": 8.88888888888889, "N": 9}], "course_no": "42712", "grade_percentile": 59.78260869565217, "eval_percentiles": {"learning": 3.2600454890068233, "worklevel": 12.016679302501895, "good": 19.446550416982564}, "composites": {"beer_points": 6.857142857142857, "quality_points": 4.471086036671367, "beer_percentiles": 84.85139022051774, "quality_percentiles": 25.215723873441995}}