{"info": {"language": "Engelsk", "ECTS": 5, "time": "For\u00e5r", "level": "Ph.d.", "name": "Introduktion til Balmorel", "course_no": "42712"}, "evals": [{"time": "F-18-13", "N_responses": 9, "learning_answers": [7, 1, 0, 1, 0], "participation_answers": [7, 0, 1, 1, 0], "material_answers": [6, 1, 0, 2, 0], "clear_answers": [5, 1, 2, 1, 0], "connection_answers": [6, 1, 1, 1, 0], "worklevel_answers": [0, 1, 6, 2, 0], "prerequisite_answers": [0, 0, 7, 2, 0], "good_answers": [7, 1, 0, 1, 0]}], "eval_points": [{"time": "F-18-13", "learning": 8.88888888888889, "worklevel": 5.277777777777778, "good": 8.88888888888889, "N": 9}], "course_no": "42712", "grade_percentile": 55.586334256694364, "eval_percentiles": {"learning": 16.052416052416053, "worklevel": 67.56756756756756, "good": 21.17117117117117}, "composites": {"beer_points": 5.662771704988064, "quality_points": 4.728915662650603, "beer_percentiles": 46.4699683877766, "quality_percentiles": 24.341412012644888}}