{"info": {"language": "Engelsk", "ECTS": 5, "time": "E2A (man 13-17)", "level": "Kandidat", "name": "Shipping og Havnelogistik", "course_no": "42892"}, "grades": [{"time": "2020winter", "N_exam": 23, "N_passed": 23, "exam_avg": 10.8, "grade_dist": [9, 14, 0, 0, 0, 0, 0, 1]}, {"time": "2019winter", "N_exam": 20, "N_passed": 19, "exam_avg": 10.9, "grade_dist": [10, 8, 1, 0, 0, 0, 0, 0, 1]}], "course_no": "42892", "grade_percentile": 84.5919610231425, "eval_percentiles": {"learning": 2.467811158798283, "worklevel": 92.38197424892704, "good": 26.448497854077253}, "composites": {"beer_points": 5.197889182058047, "quality_points": 3.9445300462249615, "beer_percentiles": 31.02836879432624, "quality_percentiles": 13.652482269503546}}