{"info": {"language": "Engelsk", "ECTS": 5, "time": "E2A (man 13-17)", "level": "Kandidat", "name": "Shipping og Havnelogistik", "course_no": "42892"}, "grades": [{"time": "2020winter", "N_exam": 23, "N_passed": 23, "exam_avg": 10.8, "grade_dist": [9, 14, 0, 0, 0, 0, 0, 1]}, {"time": "2019winter", "N_exam": 20, "N_passed": 19, "exam_avg": 10.9, "grade_dist": [10, 8, 1, 0, 0, 0, 0, 0, 1]}], "course_no": "42892", "grade_percentile": 84.66117216117216, "eval_percentiles": {"learning": 2.3986765922249793, "worklevel": 92.10090984284533, "good": 27.1712158808933}, "composites": {"beer_points": 5.197889182058047, "quality_points": 3.8729198184568836, "beer_percentiles": 33.655913978494624, "quality_percentiles": 12.795698924731182}}