{"info": {"language": "Engelsk", "ECTS": 5, "time": "Udenfor skema-struktur", "level": "Deltidsmaster", "name": "Vindressourser", "course_no": "46W14"}, "grades": [{"time": "2020winter", "N_exam": 13, "N_passed": 13, "exam_avg": 9.5, "grade_dist": [2, 9, 1, 0, 1, 0, 0, 8]}, {"time": "2018winter", "N_exam": 6, "N_passed": 6, "exam_avg": 8.8, "grade_dist": [1, 2, 3, 0, 0, 0, 0, 11]}], "course_no": "46W14", "grade_percentile": 42.02192448233861, "eval_percentiles": {"learning": 9.978540772532188, "worklevel": 96.62017167381974, "good": 9.334763948497853}, "composites": {"beer_points": 3.5604532050287143, "quality_points": 2.544185624943351, "beer_percentiles": 7.2695035460992905, "quality_percentiles": 3.723404255319149}}