{"info": {"language": "Engelsk", "ECTS": 5, "time": "Udenfor skema-struktur", "level": "Deltidsmaster", "name": "Materialer til vindenergi", "course_no": "46W17"}, "grades": [{"time": "2018winter", "N_exam": 7, "N_passed": 7, "exam_avg": 9.0, "grade_dist": [1, 3, 3, 0, 0, 0, 0, 8]}, {"time": "2017winter", "N_exam": 18, "N_passed": 17, "exam_avg": 8.4, "grade_dist": [6, 5, 3, 1, 2, 1, 0, 5]}], "course_no": "46W17", "grade_percentile": 34.44444444444444, "eval_percentiles": {"learning": 33.01358912869704, "worklevel": 83.17346123101518, "good": 50.83932853717026}, "composites": {"beer_points": 59.41538322022882, "quality_points": 53.46197502837684, "beer_percentiles": 33.103813559322035, "quality_percentiles": 33.42161016949152}}