{"info": {"language": "Engelsk", "ECTS": 5, "time": "Udenfor skema-struktur", "level": "Deltidsmaster", "name": "Vindenergi og samfund", "course_no": "46W21"}, "evals": [{"time": "F-19-13", "N_responses": 7, "learning_answers": [4, 2, 0, 0, 1], "participation_answers": [5, 1, 0, 0, 1], "material_answers": [4, 2, 0, 0, 1], "clear_answers": [3, 1, 2, 1, 0], "connection_answers": [5, 1, 0, 1, 0], "worklevel_answers": [0, 2, 2, 3, 0], "prerequisite_answers": [0, 0, 5, 2, 0], "good_answers": [5, 1, 0, 1, 0]}], "eval_points": [{"time": "F-19-13", "learning": 3.142857142857143, "worklevel": 2.142857142857143, "good": 3.4285714285714284, "N": 7}], "grades": [{"time": "2019summer", "N_exam": 6, "N_passed": 6, "exam_avg": 8.8, "grade_dist": [1, 3, 1, 1, 0, 0, 0, 4]}, {"time": "2018summer", "N_exam": 18, "N_passed": 18, "exam_avg": 8.3, "grade_dist": [4, 7, 2, 4, 1, 0, 0, 5]}], "grade_percentile": 68.38021338506304, "eval_percentiles": {"learning": 52.97427652733119, "worklevel": 50.844051446945336, "good": 75.92443729903538}, "composites": {"beer_points": 2.4980037004576885, "quality_points": 2.945354305172694, "beer_percentiles": 68.98395721925134, "quality_percentiles": 78.6096256684492}}