{"info": {"language": "Engelsk", "ECTS": 5, "time": "Efter\u00e5r", "level": "Ph.d.", "name": "Ph.d.-kursus om computermodellering af materialer til energiapplikationer", "course_no": "47516"}, "grades": [{"time": "2020winter", "N_exam": 8, "N_passed": 7, "exam_avg": 6.5, "grade_dist": [1, 3, 0, 2, 1, 1, 0, 4]}, {"time": "2019winter", "N_exam": 6, "N_passed": 6, "exam_avg": 9.3, "grade_dist": [1, 3, 2, 0, 0, 0, 0, 4]}], "course_no": "47516", "grade_percentile": 11.814859926918393, "eval_percentiles": {"learning": 44.152360515021456, "worklevel": 6.759656652360515, "good": 50.3755364806867}, "composites": {"beer_points": 6.055408970976254, "quality_points": 6.140215716486903, "beer_percentiles": 57.269503546099294, "quality_percentiles": 49.46808510638298}}