{"info": {"language": "Engelsk", "ECTS": 5, "time": "Efter\u00e5r", "level": "Ph.d.", "name": "Ph.d.-kursus om computermodellering af materialer til energiapplikationer", "course_no": "47516"}, "grades": [{"time": "2020winter", "N_exam": 8, "N_passed": 8, "exam_avg": 7.8, "grade_dist": [1, 4, 0, 2, 1, 0, 0, 4]}, {"time": "2019winter", "N_exam": 6, "N_passed": 6, "exam_avg": 9.3, "grade_dist": [1, 3, 2, 0, 0, 0, 0, 4]}], "course_no": "47516", "grade_percentile": 11.584249084249084, "eval_percentiles": {"learning": 44.292803970223325, "worklevel": 6.120760959470637, "good": 51.116625310173696}, "composites": {"beer_points": 6.055408970976254, "quality_points": 6.028744326777611, "beer_percentiles": 58.333333333333336, "quality_percentiles": 49.354838709677416}}