{"info": {"language": "Dansk", "ECTS": 5, "time": "F4B (fre 8-12)  og  F5A (ons 8-12)  eller    E4B (fre 8-12)  og  E5A (ons 8-12)", "level": "Diplomingeni\u00f8r", "name": "Projektledelse - V\u00e6rkt\u00f8jer og praktisk ledelse", "course_no": "62074"}, "evals": [{"time": "F-19-13", "N_responses": 36, "learning_answers": [16, 12, 3, 3, 2], "participation_answers": [23, 5, 3, 0, 5], "material_answers": [18, 7, 5, 2, 4], "clear_answers": [12, 6, 10, 5, 3], "connection_answers": [25, 4, 2, 2, 3], "worklevel_answers": [1, 5, 27, 2, 1], "prerequisite_answers": [1, 1, 32, 1, 1], "good_answers": [23, 8, 1, 2, 2]}, {"time": "E-18-13", "N_responses": 8, "learning_answers": [6, 1, 1, 0, 0], "participation_answers": [6, 2, 0, 0, 0], "material_answers": [6, 2, 0, 0, 0], "clear_answers": [1, 6, 1, 0, 0], "connection_answers": [6, 1, 1, 0, 0], "worklevel_answers": [0, 2, 6, 0, 0], "prerequisite_answers": [0, 0, 8, 0, 0], "good_answers": [6, 2, 0, 0, 0]}], "eval_points": [{"time": "F-19-13", "learning": 7.569444444444445, "worklevel": 4.791666666666667, "good": 8.333333333333334, "N": 36}, {"time": "E-18-13", "learning": 9.0625, "worklevel": 4.375, "good": 9.375, "N": 8}], "course_no": "62074", "grade_percentile": 36.42512077294686, "eval_percentiles": {"learning": 43.205435651478815, "worklevel": 73.02158273381295, "good": 56.314948041566744}, "composites": {"beer_points": 4.769938650306748, "quality_points": 5.714978971206729, "beer_percentiles": 30.508474576271187, "quality_percentiles": 41.84322033898305}}