{"info": {"language": "Dansk", "ECTS": 5, "time": "E3B (fre 13-17)  og  F3B (fre 13-17)", "level": "Diplomingeni\u00f8r", "name": "Individuelt Projekt i Engineering", "course_no": "62147"}, "evals": [{"time": "E-17-13", "N_responses": 3, "learning_answers": [2, 1, 0, 0, 0], "participation_answers": [2, 1, 0, 0, 0], "material_answers": [0, 1, 2, 0, 0], "clear_answers": [0, 2, 1, 0, 0], "connection_answers": [0, 2, 1, 0, 0], "worklevel_answers": [0, 0, 3, 0, 0], "prerequisite_answers": [0, 0, 3, 0, 0], "good_answers": [2, 0, 1, 0, 0]}], "eval_points": [{"time": "E-17-13", "learning": 3.6666666666666665, "worklevel": 2.0, "good": 3.3333333333333335, "N": 3}], "grades": [{"time": "2019summer", "N_exam": 4, "N_passed": 4, "exam_avg": 7.0, "grade_dist": [1, 0, 2, 0, 1, 0, 0, 1]}], "course_no": "62147", "grade_percentile": 49.51690821256039, "eval_percentiles": {"learning": 34.93205435651479, "worklevel": 94.60431654676259, "good": 21.103117505995204}, "composites": {"beer_points": 65.2951800855463, "quality_points": 51.8161180476731, "beer_percentiles": 48.6228813559322, "quality_percentiles": 29.608050847457626}}