{"info": {"language": "Engelsk", "ECTS": 5, "time": "E3B (fre 13-17)", "level": "Diplomingeni\u00f8r", "name": "Individuelt Projekt i Engineering", "course_no": "62147"}, "evals": [{"time": "E-17-13", "N_responses": 3, "learning_answers": [2, 1, 0, 0, 0], "participation_answers": [2, 1, 0, 0, 0], "material_answers": [0, 1, 2, 0, 0], "clear_answers": [0, 2, 1, 0, 0], "connection_answers": [0, 2, 1, 0, 0], "worklevel_answers": [0, 0, 3, 0, 0], "prerequisite_answers": [0, 0, 3, 0, 0], "good_answers": [2, 0, 1, 0, 0]}], "eval_points": [{"time": "E-17-13", "learning": 9.166666666666666, "worklevel": 5.0, "good": 8.333333333333334, "N": 3}], "grades": [{"time": "2019summer", "N_exam": 4, "N_passed": 4, "exam_avg": 7.0, "grade_dist": [1, 0, 2, 0, 1, 0, 0, 1]}], "course_no": "62147", "grade_percentile": 55.367231638418076, "eval_percentiles": {"learning": 35.9271523178808, "worklevel": 94.66059602649007, "good": 21.81291390728477}, "composites": {"beer_points": 4.025269023827825, "quality_points": 4.8110614908965985, "beer_percentiles": 16.39871382636656, "quality_percentiles": 21.543408360128616}}