{"info": {"language": "English", "ECTS": 5, "time": "Autumn E3B (Fri 13-17)", "level": "BEng", "name": "Individual Project in Engineering", "course_no": "62147"}, "evals": [{"time": "E-17-13", "N_responses": 3, "learning_answers": [2, 1, 0, 0, 0], "participation_answers": [2, 1, 0, 0, 0], "material_answers": [0, 1, 2, 0, 0], "clear_answers": [0, 2, 1, 0, 0], "connection_answers": [0, 2, 1, 0, 0], "worklevel_answers": [0, 0, 3, 0, 0], "prerequisite_answers": [0, 0, 3, 0, 0], "good_answers": [2, 0, 1, 0, 0]}], "eval_points": [{"time": "E-17-13", "learning": 9.166666666666666, "worklevel": 5.0, "good": 8.333333333333334, "N": 3}], "grades": [{"time": "2019summer", "N_exam": 4, "N_passed": 4, "exam_avg": 7.0, "grade_dist": [1, 0, 2, 0, 1, 0, 0, 1]}], "course_no": "62147", "grade_percentile": 47.31182795698925, "eval_percentiles": {"learning": 36.73647469458988, "worklevel": 95.15706806282722, "good": 22.294938917975568}, "composites": {"beer_points": 3.9478891820580477, "quality_points": 4.312876506024096, "beer_percentiles": 10.63953488372093, "quality_percentiles": 16.976744186046513}}