{"info": {"language": "Dansk", "ECTS": 5, "time": "E3B (fre 13-17)  og  F3B (fre 13-17)", "level": "Diplomingeni\u00f8r", "name": "Individuelt Projekt i Engineering", "course_no": "62147"}, "evals": [{"time": "E-17-13", "N_responses": 3, "learning_answers": [2, 1, 0, 0, 0], "participation_answers": [2, 1, 0, 0, 0], "material_answers": [0, 1, 2, 0, 0], "clear_answers": [0, 2, 1, 0, 0], "connection_answers": [0, 2, 1, 0, 0], "worklevel_answers": [0, 0, 3, 0, 0], "prerequisite_answers": [0, 0, 3, 0, 0], "good_answers": [2, 0, 1, 0, 0]}], "eval_points": [{"time": "E-17-13", "learning": 3.6666666666666665, "worklevel": 2.0, "good": 3.3333333333333335, "N": 3}], "grades": [{"time": "2019summer", "N_exam": 4, "N_passed": 4, "exam_avg": 7.0, "grade_dist": [1, 0, 2, 0, 1, 0, 0, 1]}], "grade_percentile": 32.07729468599034, "eval_percentiles": {"learning": 87.13029576338928, "worklevel": 35.53157474020784, "good": 70.94324540367705}, "composites": {"beer_points": 2.2222222222222223, "quality_points": 2.6106696935300793, "beer_percentiles": 50.95338983050848, "quality_percentiles": 59.42796610169491}}