{"info": {"language": "Dansk", "ECTS": 10, "time": "E5A (ons 8-12)  og  E2B (tors 8-12)  eller    F5A (ons 8-12)  og  F2B (tors 8-12)", "level": "Diplomingeni\u00f8r", "name": "Grundl\u00e6ggende matematik 1", "course_no": "62158"}, "evals": [{"time": "F-19-13", "N_responses": 8, "learning_answers": [3, 3, 1, 0, 1], "participation_answers": [2, 4, 1, 0, 1], "material_answers": [2, 2, 2, 1, 1], "clear_answers": [3, 0, 4, 0, 1], "connection_answers": [2, 2, 3, 0, 1], "worklevel_answers": [0, 1, 5, 1, 1], "prerequisite_answers": [0, 0, 5, 3, 0], "good_answers": [1, 3, 0, 2, 2]}, {"time": "E-18-13", "N_responses": 49, "learning_answers": [20, 18, 6, 3, 2], "participation_answers": [20, 13, 10, 4, 2], "material_answers": [16, 17, 10, 3, 2], "clear_answers": [12, 8, 14, 13, 2], "connection_answers": [23, 12, 8, 4, 2], "worklevel_answers": [1, 8, 34, 6, 0], "prerequisite_answers": [1, 2, 35, 10, 1], "good_answers": [15, 16, 11, 4, 3]}], "eval_points": [{"time": "F-19-13", "learning": 2.875, "worklevel": 2.25, "good": 1.875, "N": 8}, {"time": "E-18-13", "learning": 3.0408163265306123, "worklevel": 1.9183673469387754, "good": 2.7346938775510203, "N": 49}], "grades": [{"time": "2019summer", "N_exam": 17, "N_passed": 14, "exam_avg": 6.9, "grade_dist": [4, 2, 6, 2, 0, 3, 0, 13]}, {"time": "2018winter", "N_exam": 44, "N_passed": 40, "exam_avg": 7.9, "grade_dist": [10, 11, 14, 4, 1, 4, 0, 1, 13]}], "grade_percentile": 29.485935984481085, "eval_percentiles": {"learning": 35.28938906752411, "worklevel": 59.043408360128616, "good": 9.284565916398714}, "composites": {"beer_points": 1.9959100204498978, "quality_points": 1.902383654937571, "beer_percentiles": 34.224598930481285, "quality_percentiles": 22.887700534759357}}