{"info": {"language": "Dansk", "ECTS": 5, "time": "E3B (fre 13-17)", "level": "Diplomingeni\u00f8r", "name": "Vejprojektering og trafiksikkerhed", "course_no": "62199"}, "grades": [{"time": "2020winter", "N_exam": 32, "N_passed": 30, "exam_avg": 9.5, "grade_dist": [6, 20, 0, 3, 1, 0, 0, 0, 2, 5]}, {"time": "2019winter", "N_exam": 26, "N_passed": 20, "exam_avg": 6.3, "grade_dist": [0, 10, 4, 6, 0, 4, 0, 0, 2, 1, 7]}], "course_no": "62199", "grade_percentile": 76.0989010989011, "eval_percentiles": {"learning": 48.59387923904053, "worklevel": 25.930521091811414, "good": 70.84367245657569}, "composites": {"beer_points": 7.077836411609498, "quality_points": 7.5542107917297034, "beer_percentiles": 83.44086021505376, "quality_percentiles": 83.54838709677419}}