{"info": {"language": "Dansk", "ECTS": 5, "time": "E1A (man 8-12)  eller  F1A (man 8-12)", "level": "Diplomingeni\u00f8r", "name": "Grundl\u00e6ggende Naturvidenskab", "course_no": "62218"}, "evals": [{"time": "F-19-13", "N_responses": 9, "learning_answers": [3, 2, 2, 2, 0], "participation_answers": [2, 2, 3, 1, 1], "material_answers": [1, 3, 2, 2, 1], "clear_answers": [1, 1, 3, 2, 2], "connection_answers": [2, 3, 2, 1, 1], "worklevel_answers": [1, 1, 3, 3, 1], "prerequisite_answers": [0, 1, 4, 4, 0], "good_answers": [3, 1, 1, 3, 1]}, {"time": "E-18-13", "N_responses": 39, "learning_answers": [15, 14, 9, 1, 0], "participation_answers": [14, 12, 11, 1, 0], "material_answers": [11, 13, 10, 3, 1], "clear_answers": [4, 10, 14, 5, 3], "connection_answers": [13, 13, 11, 1, 0], "worklevel_answers": [1, 7, 23, 7, 0], "prerequisite_answers": [0, 2, 28, 5, 3], "good_answers": [11, 15, 10, 2, 0]}], "eval_points": [{"time": "F-19-13", "learning": 6.666666666666666, "worklevel": 5.555555555555555, "good": 5.555555555555555, "N": 9}, {"time": "E-18-13", "learning": 7.756410256410256, "worklevel": 4.743589743589744, "good": 7.115384615384616, "N": 39}], "grades": [{"time": "2020summer", "N_exam": 23, "N_passed": 21, "exam_avg": 7.1, "grade_dist": [5, 3, 8, 4, 1, 2, 0, 1, 8]}, {"time": "2019summer", "N_exam": 19, "N_passed": 15, "exam_avg": 5.6, "grade_dist": [3, 4, 1, 5, 2, 4, 0, 10]}], "course_no": "62218", "grade_percentile": 51.20056497175141, "eval_percentiles": {"learning": 77.77317880794702, "worklevel": 6.125827814569536, "good": 96.73013245033113}, "composites": {"beer_points": 7.196387394312069, "quality_points": 8.722088629336996, "beer_percentiles": 86.81672025723472, "quality_percentiles": 96.46302250803859}}