{"info": {"language": "Dansk", "ECTS": 10, "time": "F2B (tors 8-12)  og  Juni", "level": "Diplomingeni\u00f8r", "name": "International \u00f8konomi (business case), projektledelse og erhvervsjura", "course_no": "62215"}, "evals": [{"time": "F-19-03JUN", "N_responses": 9, "learning_answers": [0, 4, 0, 1, 4], "participation_answers": [1, 3, 0, 1, 4], "material_answers": [2, 1, 3, 2, 1], "clear_answers": [0, 0, 5, 0, 4], "connection_answers": [0, 2, 1, 1, 4], "worklevel_answers": [2, 2, 4, 1, 0], "prerequisite_answers": [1, 0, 7, 0, 1], "good_answers": [2, 2, 0, 2, 3]}], "eval_points": [{"time": "F-19-03JUN", "learning": 3.611111111111111, "worklevel": 3.611111111111111, "good": 4.444444444444445, "N": 9}], "course_no": "62215", "grade_percentile": 71.19113573407202, "eval_percentiles": {"learning": 58.68140868140868, "worklevel": 7.78050778050778, "good": 70.88452088452088}, "composites": {"beer_points": 7.634124890061566, "quality_points": 8.05722891566265, "beer_percentiles": 93.9936775553214, "quality_percentiles": 91.30663856691254}}