{"info": {"language": "Dansk", "ECTS": 10, "time": "E5A (ons 8-12)  og  E4B (fre 8-12)  eller    F5A (ons 8-12)  og  F4B (fre 8-12)", "level": "Diplomingeni\u00f8r", "name": "Milj\u00f8, kemi og produkter", "course_no": "62219"}, "evals": [{"time": "F-19-13", "N_responses": 15, "learning_answers": [2, 7, 2, 3, 1], "participation_answers": [4, 3, 4, 4, 0], "material_answers": [2, 3, 7, 2, 1], "clear_answers": [1, 4, 4, 2, 4], "connection_answers": [2, 7, 5, 0, 1], "worklevel_answers": [2, 2, 10, 0, 1], "prerequisite_answers": [0, 0, 14, 1, 0], "good_answers": [2, 7, 3, 2, 1]}], "eval_points": [{"time": "F-19-13", "learning": 6.0, "worklevel": 4.333333333333334, "good": 6.166666666666667, "N": 15}], "grades": [{"time": "2019summer", "N_exam": 51, "N_passed": 40, "exam_avg": 5.5, "grade_dist": [3, 5, 13, 13, 6, 4, 0, 0, 7, 2]}], "course_no": "62219", "grade_percentile": 31.391304347826086, "eval_percentiles": {"learning": 87.11144806671722, "worklevel": 36.23957543593632, "good": 70.88703563305535}, "composites": {"beer_points": 5.342857142857143, "quality_points": 6.699576868829336, "beer_percentiles": 49.13710450623202, "quality_percentiles": 74.92809204218601}}