{"info": {"language": "Dansk", "ECTS": 10, "time": "F2B (tors 8-12)  og  Juni", "level": "Diplomingeni\u00f8r", "name": "International \u00f8konomi (business case), projektledelse og erhvervsjura", "course_no": "62215"}, "evals": [{"time": "F-19-03JUN", "N_responses": 9, "learning_answers": [0, 4, 0, 1, 4], "participation_answers": [1, 3, 0, 1, 4], "material_answers": [2, 1, 3, 2, 1], "clear_answers": [0, 0, 5, 0, 4], "connection_answers": [0, 2, 1, 1, 4], "worklevel_answers": [2, 2, 4, 1, 0], "prerequisite_answers": [1, 0, 7, 0, 1], "good_answers": [2, 2, 0, 2, 3]}], "eval_points": [{"time": "F-19-03JUN", "learning": 3.611111111111111, "worklevel": 3.611111111111111, "good": 4.444444444444445, "N": 9}], "course_no": "62215", "grade_percentile": 39.972527472527474, "eval_percentiles": {"learning": 85.40115798180314, "worklevel": 35.359801488833746, "good": 79.56989247311827}, "composites": {"beer_points": 6.068601583113457, "quality_points": 7.600226928895612, "beer_percentiles": 59.03225806451613, "quality_percentiles": 84.40860215053763}}