{"info": {"language": "Danish", "ECTS": 10, "time": "Spring F2B (Thurs 8-12)  and  June", "level": "BEng", "name": "International finance (business case), project leadership, and business law", "course_no": "62215"}, "evals": [{"time": "F-19-03JUN", "N_responses": 9, "learning_answers": [0, 4, 0, 1, 4], "participation_answers": [1, 3, 0, 1, 4], "material_answers": [2, 1, 3, 2, 1], "clear_answers": [0, 0, 5, 0, 4], "connection_answers": [0, 2, 1, 1, 4], "worklevel_answers": [2, 2, 4, 1, 0], "prerequisite_answers": [1, 0, 7, 0, 1], "good_answers": [2, 2, 0, 2, 3]}], "eval_points": [{"time": "F-19-03JUN", "learning": 3.611111111111111, "worklevel": 3.611111111111111, "good": 4.444444444444445, "N": 9}], "course_no": "62215", "grade_percentile": 39.73607038123167, "eval_percentiles": {"learning": 59.72949389179756, "worklevel": 8.027923211169284, "good": 71.55322862129145}, "composites": {"beer_points": 6.842568161829376, "quality_points": 7.379518072289156, "beer_percentiles": 79.88372093023256, "quality_percentiles": 79.94186046511628}}