{"info": {"language": "Engelsk", "ECTS": 5, "time": "E2A (man 13-17)  eller  F2A (man 13-17)", "level": "Diplomingeni\u00f8r", "name": "Engelsk 2 - Britiske samfundsforhold og akademisk skrivning 2", "course_no": "62225"}, "evals": [{"time": "F-19-13", "N_responses": 18, "learning_answers": [1, 1, 8, 2, 6], "participation_answers": [1, 1, 9, 3, 4], "material_answers": [0, 2, 7, 3, 6], "clear_answers": [4, 1, 4, 4, 5], "connection_answers": [0, 1, 10, 5, 2], "worklevel_answers": [2, 5, 11, 0, 0], "prerequisite_answers": [2, 3, 13, 0, 0], "good_answers": [1, 1, 7, 4, 5]}], "eval_points": [{"time": "F-19-13", "learning": 3.4722222222222223, "worklevel": 3.75, "good": 3.4722222222222223, "N": 18}], "course_no": "62225", "grade_percentile": 48.0225988700565, "eval_percentiles": {"learning": 51.324503311258276, "worklevel": 35.72019867549669, "good": 43.129139072847686}, "composites": {"beer_points": 6.079938508839354, "quality_points": 6.578495362418412, "beer_percentiles": 62.459807073954984, "quality_percentiles": 62.37942122186495}}