{"info": {"language": "Engelsk", "ECTS": 5, "time": "E1B (tors 13-17)  eller  F1B (tors 13-17)", "level": "Diplomingeni\u00f8r", "name": "Engelsk 1 - Amerikanske samfundsforhold og akademisk skrivning 1", "course_no": "62224"}, "evals": [{"time": "F-19-13", "N_responses": 8, "learning_answers": [3, 0, 3, 0, 2], "participation_answers": [2, 1, 1, 2, 2], "material_answers": [1, 2, 2, 0, 3], "clear_answers": [4, 0, 0, 1, 3], "connection_answers": [3, 1, 2, 1, 1], "worklevel_answers": [2, 1, 3, 1, 1], "prerequisite_answers": [1, 0, 6, 1, 0], "good_answers": [3, 0, 2, 1, 2]}, {"time": "E-18-13", "N_responses": 38, "learning_answers": [2, 5, 10, 15, 6], "participation_answers": [7, 6, 15, 6, 4], "material_answers": [7, 6, 11, 10, 4], "clear_answers": [3, 2, 17, 7, 8], "connection_answers": [4, 8, 12, 8, 6], "worklevel_answers": [5, 5, 22, 4, 1], "prerequisite_answers": [2, 6, 29, 0, 0], "good_answers": [4, 6, 15, 8, 5]}], "eval_points": [{"time": "F-19-13", "learning": 5.625, "worklevel": 4.375, "good": 5.3125, "N": 8}, {"time": "E-18-13", "learning": 3.8157894736842106, "worklevel": 4.276315789473684, "good": 4.7368421052631575, "N": 38}], "course_no": "62224", "grade_percentile": 61.37005649717514, "eval_percentiles": {"learning": 5.836092715231788, "worklevel": 22.350993377483444, "good": 7.0364238410596025}, "composites": {"beer_points": 6.744811683320523, "quality_points": 4.511458997889776, "beer_percentiles": 77.73311897106109, "quality_percentiles": 17.84565916398714}}