{"info": {"language": "Engelsk", "ECTS": 5, "time": "E2A (man 13-17)  eller  F2A (man 13-17)", "level": "Diplomingeni\u00f8r", "name": "Engelsk 2 - Britiske samfundsforhold og akademisk skrivning 2", "course_no": "62225"}, "evals": [{"time": "F-19-13", "N_responses": 18, "learning_answers": [1, 1, 8, 2, 6], "participation_answers": [1, 1, 9, 3, 4], "material_answers": [0, 2, 7, 3, 6], "clear_answers": [4, 1, 4, 4, 5], "connection_answers": [0, 1, 10, 5, 2], "worklevel_answers": [2, 5, 11, 0, 0], "prerequisite_answers": [2, 3, 13, 0, 0], "good_answers": [1, 1, 7, 4, 5]}], "eval_points": [{"time": "F-19-13", "learning": 3.4722222222222223, "worklevel": 3.75, "good": 3.4722222222222223, "N": 18}], "course_no": "62225", "grade_percentile": 2.15962441314554, "eval_percentiles": {"learning": 5.432287681713849, "worklevel": 53.09869931140015, "good": 0.9946442234123948}, "composites": {"beer_points": 2.8152692569870483, "quality_points": 0.8961501132319631, "beer_percentiles": 5.034550839091806, "quality_percentiles": 0.39486673247778875}}