{"info": {"language": "Dansk", "ECTS": 5, "time": "E4B (fre 8-12)", "level": "Diplomingeni\u00f8r", "name": "Erhvervs- og samfunds\u00f8konomi", "course_no": "62221"}, "grades": [{"time": "2020winter", "N_exam": 41, "N_passed": 30, "exam_avg": 5.2, "grade_dist": [6, 6, 7, 9, 2, 9, 2, 10]}, {"time": "2020summer", "N_exam": 4, "N_passed": 2, "exam_avg": 1.0, "grade_dist": [0, 0, 0, 0, 2, 2, 0, 2]}, {"time": "2019winter", "N_exam": 40, "N_passed": 24, "exam_avg": 4.1, "grade_dist": [6, 6, 0, 10, 2, 12, 4, 2, 16]}], "course_no": "62221", "grade_percentile": 42.67399267399267, "eval_percentiles": {"learning": 5.913978494623656, "worklevel": 22.167080231596362, "good": 7.113316790736145}, "composites": {"beer_points": 6.404070863173765, "quality_points": 3.775664577480008, "beer_percentiles": 67.74193548387096, "quality_percentiles": 11.935483870967742}}