{"info": {"language": "Dansk", "ECTS": 5, "time": "E4B (fre 8-12)", "level": "Diplomingeni\u00f8r", "name": "Erhvervs- og samfunds\u00f8konomi", "course_no": "62221"}, "grades": [{"time": "2020winter", "N_exam": 41, "N_passed": 30, "exam_avg": 5.2, "grade_dist": [6, 6, 7, 9, 2, 9, 2, 10]}, {"time": "2020summer", "N_exam": 4, "N_passed": 2, "exam_avg": 1.0, "grade_dist": [0, 0, 0, 0, 2, 2, 0, 2]}, {"time": "2019winter", "N_exam": 40, "N_passed": 24, "exam_avg": 4.1, "grade_dist": [6, 6, 0, 10, 2, 12, 4, 2, 16]}], "course_no": "62221", "grade_percentile": 42.02192448233861, "eval_percentiles": {"learning": 6.062231759656652, "worklevel": 22.854077253218883, "good": 7.457081545064377}, "composites": {"beer_points": 6.404070863173765, "quality_points": 3.8454765573409637, "beer_percentiles": 67.19858156028369, "quality_percentiles": 12.76595744680851}}