{"info": {"language": "English", "ECTS": 5, "time": "Autumn E1B (Thurs 13-17)  or  Spring F1B (Thurs 13-17)", "level": "BEng", "name": "English 1 - US Civics and Academic Writing 1", "course_no": "62224"}, "evals": [{"time": "F-19-13", "N_responses": 8, "learning_answers": [3, 0, 3, 0, 2], "participation_answers": [2, 1, 1, 2, 2], "material_answers": [1, 2, 2, 0, 3], "clear_answers": [4, 0, 0, 1, 3], "connection_answers": [3, 1, 2, 1, 1], "worklevel_answers": [2, 1, 3, 1, 1], "prerequisite_answers": [1, 0, 6, 1, 0], "good_answers": [3, 0, 2, 1, 2]}, {"time": "E-18-13", "N_responses": 38, "learning_answers": [2, 5, 10, 15, 6], "participation_answers": [7, 6, 15, 6, 4], "material_answers": [7, 6, 11, 10, 4], "clear_answers": [3, 2, 17, 7, 8], "connection_answers": [4, 8, 12, 8, 6], "worklevel_answers": [5, 5, 22, 4, 1], "prerequisite_answers": [2, 6, 29, 0, 0], "good_answers": [4, 6, 15, 8, 5]}], "eval_points": [{"time": "F-19-13", "learning": 5.625, "worklevel": 4.375, "good": 5.3125, "N": 8}, {"time": "E-18-13", "learning": 3.8157894736842106, "worklevel": 4.276315789473684, "good": 4.7368421052631575, "N": 38}], "course_no": "62224", "grade_percentile": 53.56793743890518, "eval_percentiles": {"learning": 5.890052356020942, "worklevel": 22.55671902268761, "good": 6.980802792321117}, "composites": {"beer_points": 6.615152657369017, "quality_points": 3.984509466437176, "beer_percentiles": 74.65116279069767, "quality_percentiles": 13.953488372093023}}