{"info": {"language": "English", "ECTS": 5, "time": "Autumn E2A (Mon 13-17)  or  Spring F2A (Mon 13-17)", "level": "BEng", "name": "English 2 - UK Civics and Academic Writing 2", "course_no": "62225"}, "evals": [{"time": "F-19-13", "N_responses": 18, "learning_answers": [1, 1, 8, 2, 6], "participation_answers": [1, 1, 9, 3, 4], "material_answers": [0, 2, 7, 3, 6], "clear_answers": [4, 1, 4, 4, 5], "connection_answers": [0, 1, 10, 5, 2], "worklevel_answers": [2, 5, 11, 0, 0], "prerequisite_answers": [2, 3, 13, 0, 0], "good_answers": [1, 1, 7, 4, 5]}], "eval_points": [{"time": "F-19-13", "learning": 3.4722222222222223, "worklevel": 3.75, "good": 3.4722222222222223, "N": 18}], "course_no": "62225", "grade_percentile": 39.73607038123167, "eval_percentiles": {"learning": 52.44328097731239, "worklevel": 36.2565445026178, "good": 44.06631762652705}, "composites": {"beer_points": 5.963060686015831, "quality_points": 6.249999999999999, "beer_percentiles": 57.03488372093023, "quality_percentiles": 54.30232558139535}}