{"info": {"language": "Dansk", "ECTS": 5, "time": "F1A (man 8-12)  eller  E1A (man 8-12)", "level": "Diplomingeni\u00f8r", "name": "Erhvervs\u00f8konomi 1", "course_no": "62223"}, "evals": [{"time": "F-19-13", "N_responses": 16, "learning_answers": [9, 5, 1, 1, 0], "participation_answers": [11, 2, 1, 1, 1], "material_answers": [9, 4, 2, 0, 1], "clear_answers": [4, 5, 3, 1, 3], "connection_answers": [6, 6, 3, 0, 1], "worklevel_answers": [0, 4, 11, 1, 0], "prerequisite_answers": [0, 1, 12, 2, 1], "good_answers": [8, 6, 1, 1, 0]}], "eval_points": [{"time": "F-19-13", "learning": 8.4375, "worklevel": 4.53125, "good": 8.28125, "N": 16}], "grades": [{"time": "2019summer", "N_exam": 42, "N_passed": 37, "exam_avg": 6.8, "grade_dist": [9, 9, 8, 4, 7, 5, 0, 11]}], "course_no": "62223", "grade_percentile": 5.921052631578948, "eval_percentiles": {"learning": 92.14340198321892, "worklevel": 72.57818459191456, "good": 76.01067887109078}, "composites": {"beer_points": 3.0976726068750606, "quality_points": 5.707353145075566, "beer_percentiles": 6.798029556650246, "quality_percentiles": 41.67487684729064}}