{"info": {"language": "Dansk", "ECTS": 5, "time": "E4B (fre 8-12)", "level": "Diplomingeni\u00f8r", "name": "Erhvervs- og samfunds\u00f8konomi", "course_no": "62221"}, "grades": [{"time": "2020summer", "N_exam": 4, "N_passed": 2, "exam_avg": 1.0, "grade_dist": [0, 0, 0, 0, 2, 2, 0, 2]}, {"time": "2019winter", "N_exam": 40, "N_passed": 24, "exam_avg": 4.1, "grade_dist": [6, 6, 0, 10, 2, 12, 4, 2, 16]}], "course_no": "62221", "grade_percentile": 26.5466297322253, "eval_percentiles": {"learning": 44.103194103194106, "worklevel": 6.142506142506143, "good": 50.98280098280098}, "composites": {"beer_points": 6.635883905013192, "quality_points": 6.54367469879518, "beer_percentiles": 75.23709167544784, "quality_percentiles": 62.32876712328767}}