{"info": {"language": "Danish", "ECTS": 5, "time": "Autumn E4B (Fri 8-12)", "level": "BEng", "name": "Managerial and Transport Economics", "course_no": "62221"}, "grades": [{"time": "2020summer", "N_exam": 4, "N_passed": 2, "exam_avg": 1.0, "grade_dist": [0, 0, 0, 0, 2, 2, 0, 2]}, {"time": "2019winter", "N_exam": 40, "N_passed": 24, "exam_avg": 4.1, "grade_dist": [6, 6, 0, 10, 2, 12, 4, 2, 16]}], "course_no": "62221", "grade_percentile": 27.32160312805474, "eval_percentiles": {"learning": 44.80802792321117, "worklevel": 6.457242582897033, "good": 51.52705061082025}, "composites": {"beer_points": 6.635883905013192, "quality_points": 6.54367469879518, "beer_percentiles": 75.11627906976744, "quality_percentiles": 62.5}}