{"info": {"language": "Engelsk", "ECTS": 5, "time": "E5B (ons 13-17)  og  F5B (ons 13-17)", "level": "Diplomingeni\u00f8r", "name": "B\u00e6redygtig forretningsudvikling", "course_no": "62239"}, "grades": [{"time": "2020winter", "N_exam": 58, "N_passed": 54, "exam_avg": 7.4, "grade_dist": [13, 13, 14, 9, 5, 4, 0, 2]}, {"time": "2020summer", "N_exam": 19, "N_passed": 19, "exam_avg": 6.2, "grade_dist": [1, 2, 9, 4, 3, 0, 0, 3]}, {"time": "2019winter", "N_exam": 38, "N_passed": 38, "exam_avg": 9.3, "grade_dist": [15, 11, 7, 3, 2, 0, 0, 3]}], "course_no": "62239", "grade_percentile": 80.86080586080585, "eval_percentiles": {"learning": 26.344086021505376, "worklevel": 11.290322580645162, "good": 33.99503722084367}, "composites": {"beer_points": 7.730870712401055, "quality_points": 6.807866868381239, "beer_percentiles": 94.3010752688172, "quality_percentiles": 67.09677419354838}}