{"info": {"language": "Dansk", "ECTS": 5, "time": "E2B (tors 8-12)  eller  F2B (tors 8-12)", "level": "Diplomingeni\u00f8r", "name": "Vand og klimatilpasning", "course_no": "62277"}, "grades": [{"time": "2020winter", "N_exam": 39, "N_passed": 37, "exam_avg": 7.7, "grade_dist": [6, 13, 12, 1, 5, 2, 0, 2]}, {"time": "2020summer", "N_exam": 38, "N_passed": 32, "exam_avg": 6.8, "grade_dist": [9, 7, 8, 5, 3, 6, 0, 2]}, {"time": "2019summer", "N_exam": 24, "N_passed": 24, "exam_avg": 8.4, "grade_dist": [5, 8, 6, 5, 0, 0, 0, 4]}, {"time": "2018winter", "N_exam": 23, "N_passed": 23, "exam_avg": 8.2, "grade_dist": [1, 11, 8, 2, 1, 0, 0, 2]}], "course_no": "62277", "grade_percentile": 48.41656516443362, "eval_percentiles": {"learning": 26.341201716738198, "worklevel": 36.212446351931334, "good": 12.339055793991417}, "composites": {"beer_points": 6.279683377308708, "quality_points": 5.084745762711864, "beer_percentiles": 63.652482269503544, "quality_percentiles": 26.595744680851062}}