{"info": {"language": "Dansk", "ECTS": 5, "time": "E4A (tirs 13-17)  eller  F4A (tirs 13-17)", "level": "Diplomingeni\u00f8r", "name": "Byggeprocesstyring", "course_no": "62270"}, "evals": [{"time": "F-19-13", "N_responses": 13, "learning_answers": [2, 3, 4, 2, 2], "participation_answers": [4, 1, 5, 2, 1], "material_answers": [0, 2, 6, 1, 4], "clear_answers": [0, 2, 2, 5, 4], "connection_answers": [1, 3, 1, 5, 3], "worklevel_answers": [1, 0, 2, 0, 10], "prerequisite_answers": [0, 0, 3, 3, 7], "good_answers": [0, 1, 6, 2, 4]}, {"time": "E-18-13", "N_responses": 28, "learning_answers": [4, 8, 7, 6, 3], "participation_answers": [4, 8, 7, 7, 2], "material_answers": [0, 6, 8, 6, 8], "clear_answers": [2, 2, 3, 13, 8], "connection_answers": [1, 7, 6, 6, 7], "worklevel_answers": [0, 1, 6, 6, 15], "prerequisite_answers": [1, 1, 7, 1, 17], "good_answers": [0, 7, 5, 10, 6]}], "eval_points": [{"time": "F-19-13", "learning": 5.1923076923076925, "worklevel": 8.461538461538462, "good": 3.269230769230769, "N": 13}, {"time": "E-18-13", "learning": 5.357142857142857, "worklevel": 8.125, "good": 3.6607142857142856, "N": 28}], "grades": [{"time": "2019summer", "N_exam": 87, "N_passed": 80, "exam_avg": 6.7, "grade_dist": [19, 11, 23, 18, 9, 6, 1, 7, 17]}, {"time": "2018winter", "N_exam": 68, "N_passed": 61, "exam_avg": 6.3, "grade_dist": [11, 10, 19, 12, 9, 6, 1, 2, 4]}], "course_no": "62270", "grade_percentile": 20.67669172932331, "eval_percentiles": {"learning": 23.03585049580473, "worklevel": 1.9832189168573608, "good": 8.161708619374524}, "composites": {"beer_points": 6.755282890252214, "quality_points": 4.914267227434487, "beer_percentiles": 80.93596059113301, "quality_percentiles": 25.714285714285715}}