{"info": {"language": "Dansk", "ECTS": 5, "time": "E4A (tirs 13-17)  eller  F4A (tirs 13-17)", "level": "Diplomingeni\u00f8r", "name": "Byggeprocesstyring", "course_no": "62270"}, "evals": [{"time": "F-19-13", "N_responses": 13, "learning_answers": [2, 3, 4, 2, 2], "participation_answers": [4, 1, 5, 2, 1], "material_answers": [0, 2, 6, 1, 4], "clear_answers": [0, 2, 2, 5, 4], "connection_answers": [1, 3, 1, 5, 3], "worklevel_answers": [1, 0, 2, 0, 10], "prerequisite_answers": [0, 0, 3, 3, 7], "good_answers": [0, 1, 6, 2, 4]}, {"time": "E-18-13", "N_responses": 28, "learning_answers": [4, 8, 7, 6, 3], "participation_answers": [4, 8, 7, 7, 2], "material_answers": [0, 6, 8, 6, 8], "clear_answers": [2, 2, 3, 13, 8], "connection_answers": [1, 7, 6, 6, 7], "worklevel_answers": [0, 1, 6, 6, 15], "prerequisite_answers": [1, 1, 7, 1, 17], "good_answers": [0, 7, 5, 10, 6]}], "eval_points": [{"time": "F-19-13", "learning": 2.076923076923077, "worklevel": 3.3846153846153846, "good": 1.3076923076923077, "N": 13}, {"time": "E-18-13", "learning": 2.142857142857143, "worklevel": 3.25, "good": 1.4642857142857142, "N": 28}], "grades": [{"time": "2019summer", "N_exam": 87, "N_passed": 80, "exam_avg": 6.7, "grade_dist": [19, 11, 23, 18, 9, 6, 1, 7, 17]}, {"time": "2018winter", "N_exam": 68, "N_passed": 61, "exam_avg": 6.3, "grade_dist": [11, 10, 19, 12, 9, 6, 1, 2, 4]}], "course_no": "62270", "grade_percentile": 79.08212560386474, "eval_percentiles": {"learning": 54.47641886490808, "worklevel": 20.743405275779377, "good": 87.60991207034373}, "composites": {"beer_points": 78.11012197149465, "quality_points": 80.93076049943245, "beer_percentiles": 81.14406779661017, "quality_percentiles": 90.14830508474576}}