{"info": {"language": "Dansk", "ECTS": 5, "time": "F5A (ons 8-12)  eller  E5A (ons 8-12)", "level": "Diplomingeni\u00f8r", "name": "St\u00e5lkonstruktioner og Udf\u00f8relse", "course_no": "62273"}, "grades": [{"time": "2020summer", "N_exam": 81, "N_passed": 67, "exam_avg": 6.1, "grade_dist": [12, 18, 17, 10, 10, 12, 2, 3]}, {"time": "2019winter", "N_exam": 51, "N_passed": 41, "exam_avg": 5.7, "grade_dist": [12, 7, 4, 9, 9, 8, 2, 4]}, {"time": "2019summer", "N_exam": 78, "N_passed": 58, "exam_avg": 5.7, "grade_dist": [18, 14, 4, 13, 9, 18, 2, 2, 6]}, {"time": "2018winter", "N_exam": 41, "N_passed": 34, "exam_avg": 5.2, "grade_dist": [4, 7, 10, 4, 9, 4, 3, 3]}], "course_no": "62273", "grade_percentile": 51.03532277710109, "eval_percentiles": {"learning": 23.49785407725322, "worklevel": 2.467811158798283, "good": 8.905579399141631}, "composites": {"beer_points": 7.9155672823219, "quality_points": 5.747303543913713, "beer_percentiles": 95.74468085106383, "quality_percentiles": 40.86879432624114}}