{"info": {"language": "English", "ECTS": 10, "time": "Spring F4 (Tues 13-17, Fri 8-12)", "level": "BEng", "name": "Natural drainage and water supply", "course_no": "62280"}, "evals": [{"time": "F-19-13", "N_responses": 7, "learning_answers": [5, 1, 1, 0, 0], "participation_answers": [4, 2, 1, 0, 0], "material_answers": [3, 2, 2, 0, 0], "clear_answers": [3, 3, 1, 0, 0], "connection_answers": [3, 3, 1, 0, 0], "worklevel_answers": [0, 0, 5, 2, 0], "prerequisite_answers": [0, 0, 7, 0, 0], "good_answers": [3, 3, 1, 0, 0]}], "eval_points": [{"time": "F-19-13", "learning": 8.928571428571429, "worklevel": 5.7142857142857135, "good": 8.214285714285714, "N": 7}], "course_no": "62280", "grade_percentile": 92.22873900293256, "eval_percentiles": {"learning": 55.75916230366492, "worklevel": 20.855148342059337, "good": 88.1326352530541}, "composites": {"beer_points": 7.823218997361478, "quality_points": 8.68975903614458, "beer_percentiles": 95.69767441860465, "quality_percentiles": 96.3953488372093}}