{"info": {"language": "Engelsk", "ECTS": 10, "time": "F4 (tirs 13-17, fre 8-12)", "level": "Diplomingeni\u00f8r", "name": "Det naturlige afl\u00f8bssystem og vandforsyning", "course_no": "62280"}, "evals": [{"time": "F-19-13", "N_responses": 7, "learning_answers": [5, 1, 1, 0, 0], "participation_answers": [4, 2, 1, 0, 0], "material_answers": [3, 2, 2, 0, 0], "clear_answers": [3, 3, 1, 0, 0], "connection_answers": [3, 3, 1, 0, 0], "worklevel_answers": [0, 0, 5, 2, 0], "prerequisite_answers": [0, 0, 7, 0, 0], "good_answers": [3, 3, 1, 0, 0]}], "eval_points": [{"time": "F-19-13", "learning": 8.928571428571429, "worklevel": 5.7142857142857135, "good": 8.214285714285714, "N": 7}], "course_no": "62280", "grade_percentile": 92.38227146814404, "eval_percentiles": {"learning": 54.54545454545455, "worklevel": 20.63882063882064, "good": 87.83783783783784}, "composites": {"beer_points": 7.823218997361478, "quality_points": 8.68975903614458, "beer_percentiles": 96.10115911485775, "quality_percentiles": 96.52265542676501}}