{"info": {"language": "Dansk", "ECTS": 10, "time": "E4 (tirs 13-17, fre 8-12)", "level": "Diplomingeni\u00f8r", "name": "Bygningsfornyelse med fokus p\u00e5 energi og mekaniske installationer", "course_no": "62281"}, "grades": [{"time": "2020winter", "N_exam": 26, "N_passed": 26, "exam_avg": 8.1, "grade_dist": [6, 7, 6, 6, 1, 0, 0, 3]}, {"time": "2019winter", "N_exam": 18, "N_passed": 18, "exam_avg": 8.3, "grade_dist": [3, 7, 5, 1, 2, 0, 0, 1]}], "course_no": "62281", "grade_percentile": 47.16117216117216, "eval_percentiles": {"learning": 23.573200992555833, "worklevel": 8.808933002481389, "good": 51.116625310173696}, "composites": {"beer_points": 7.018469656992085, "quality_points": 6.459909228441755, "beer_percentiles": 82.31182795698925, "quality_percentiles": 58.11827956989247}}