{"info": {"language": "Engelsk", "ECTS": 10, "time": "E1 (man 8-12, tors 13-17)", "level": "Diplomingeni\u00f8r", "name": "Tr\u00e6konstruktioner og udf\u00f8relse", "course_no": "62297"}, "grades": [{"time": "2020winter", "N_exam": 41, "N_passed": 39, "exam_avg": 8.5, "grade_dist": [7, 15, 15, 2, 0, 2, 0, 3]}, {"time": "2019winter", "N_exam": 17, "N_passed": 11, "exam_avg": 5.2, "grade_dist": [2, 2, 6, 0, 1, 6, 0, 1, 1]}], "course_no": "62297", "grade_percentile": 54.01948842874543, "eval_percentiles": {"learning": 29.56008583690987, "worklevel": 10.407725321888412, "good": 41.68454935622318}, "composites": {"beer_points": 7.12730870712401, "quality_points": 6.718027734976888, "beer_percentiles": 84.04255319148936, "quality_percentiles": 63.12056737588652}}