{"info": {"language": "Engelsk", "ECTS": 10, "time": "E1 (man 8-12, tors 13-17)", "level": "Diplomingeni\u00f8r", "name": "Tr\u00e6konstruktioner og udf\u00f8relse", "course_no": "62297"}, "grades": [{"time": "2020winter", "N_exam": 41, "N_passed": 39, "exam_avg": 8.5, "grade_dist": [7, 15, 15, 2, 0, 2, 0, 2]}, {"time": "2019winter", "N_exam": 17, "N_passed": 11, "exam_avg": 5.2, "grade_dist": [2, 2, 6, 0, 1, 6, 0, 1, 1]}], "course_no": "62297", "grade_percentile": 55.03663003663004, "eval_percentiles": {"learning": 29.528535980148884, "worklevel": 9.718775847808105, "good": 43.01075268817204}, "composites": {"beer_points": 7.12730870712401, "quality_points": 6.596066565809381, "beer_percentiles": 85.05376344086021, "quality_percentiles": 62.58064516129032}}