{"info": {"language": "Danish", "ECTS": 5, "time": "Autumn E2B (Thurs 8-12)", "level": "BEng", "name": "Processing of Biomedical Signals", "course_no": "62418"}, "evals": [{"time": "E-18-13", "N_responses": 18, "learning_answers": [2, 2, 6, 7, 1], "participation_answers": [4, 3, 5, 4, 2], "material_answers": [0, 6, 2, 1, 9], "clear_answers": [2, 4, 6, 2, 4], "connection_answers": [2, 4, 3, 3, 6], "worklevel_answers": [0, 0, 10, 5, 3], "prerequisite_answers": [0, 0, 12, 3, 2], "good_answers": [3, 2, 0, 8, 5]}], "eval_points": [{"time": "E-18-13", "learning": 4.583333333333333, "worklevel": 6.527777777777778, "good": 3.611111111111111, "N": 18}], "grades": [{"time": "2019summer", "N_exam": 4, "N_passed": 3, "exam_avg": 4.0, "grade_dist": [0, 0, 2, 0, 1, 1, 0, 2]}, {"time": "2019winter", "N_exam": 21, "N_passed": 21, "exam_avg": 8.6, "grade_dist": [6, 6, 5, 3, 1, 0, 0, 2, 5]}, {"time": "2018winter", "N_exam": 26, "N_passed": 22, "exam_avg": 8.0, "grade_dist": [8, 8, 3, 2, 1, 4, 0, 2, 2]}], "course_no": "62418", "grade_percentile": 61.58357771260997, "eval_percentiles": {"learning": 10.209424083769633, "worklevel": 48.1239092495637, "good": 23.38568935427574}, "composites": {"beer_points": 6.345646437994723, "quality_points": 4.9397590361445785, "beer_percentiles": 67.96511627906976, "quality_percentiles": 28.023255813953487}}