{"info": {"language": "Dansk", "ECTS": 10, "time": "F5A (ons 8-12)  og  Juni", "level": "Diplomingeni\u00f8r", "name": "CDIO-Projekt", "course_no": "62410"}, "evals": [{"time": "F-19-03JUN", "N_responses": 17, "learning_answers": [3, 10, 2, 2, 0], "participation_answers": [11, 2, 2, 1, 1], "material_answers": [4, 4, 6, 1, 2], "clear_answers": [1, 5, 5, 3, 3], "connection_answers": [4, 8, 2, 2, 0], "worklevel_answers": [0, 1, 9, 5, 2], "prerequisite_answers": [0, 1, 16, 0, 0], "good_answers": [7, 4, 4, 2, 0]}, {"time": "F-18-03JUN", "N_responses": 31, "learning_answers": [9, 8, 5, 4, 5], "participation_answers": [12, 9, 3, 5, 2], "material_answers": [2, 5, 6, 8, 10], "clear_answers": [1, 4, 10, 4, 12], "connection_answers": [4, 9, 7, 4, 7], "worklevel_answers": [0, 1, 19, 11, 0], "prerequisite_answers": [0, 3, 27, 1, 0], "good_answers": [6, 12, 4, 5, 4]}], "eval_points": [{"time": "F-19-03JUN", "learning": 2.823529411764706, "worklevel": 2.4705882352941178, "good": 2.9411764705882355, "N": 17}, {"time": "F-18-03JUN", "learning": 2.3870967741935485, "worklevel": 2.3225806451612905, "good": 2.3548387096774195, "N": 31}], "grades": [{"time": "2019summer", "N_exam": 114, "N_passed": 111, "exam_avg": 8.8, "grade_dist": [41, 29, 23, 11, 7, 3, 0, 11]}, {"time": "2018summer", "N_exam": 107, "N_passed": 107, "exam_avg": 8.1, "grade_dist": [7, 41, 49, 7, 3, 0, 0, 6]}], "grade_percentile": 68.76199616122841, "eval_percentiles": {"learning": 31.933438985736924, "worklevel": 74.28684627575278, "good": 45.206022187004756}, "composites": {"beer_points": 2.273310714139721, "quality_points": 2.609649702577661, "beer_percentiles": 51.354166666666664, "quality_percentiles": 60.729166666666664}}