{"info": {"language": "Dansk", "ECTS": 5, "time": "E2B (tors 8-12)", "level": "Diplomingeni\u00f8r", "name": "Biomedicinsk signalbehandling", "course_no": "62418"}, "evals": [{"time": "E-18-13", "N_responses": 18, "learning_answers": [2, 2, 6, 7, 1], "participation_answers": [4, 3, 5, 4, 2], "material_answers": [0, 6, 2, 1, 9], "clear_answers": [2, 4, 6, 2, 4], "connection_answers": [2, 4, 3, 3, 6], "worklevel_answers": [0, 0, 10, 5, 3], "prerequisite_answers": [0, 0, 12, 3, 2], "good_answers": [3, 2, 0, 8, 5]}], "eval_points": [{"time": "E-18-13", "learning": 4.583333333333333, "worklevel": 6.527777777777778, "good": 3.611111111111111, "N": 18}], "grades": [{"time": "2019summer", "N_exam": 4, "N_passed": 3, "exam_avg": 4.0, "grade_dist": [0, 0, 2, 0, 1, 1, 0, 2]}], "course_no": "62418", "grade_percentile": 75.21186440677967, "eval_percentiles": {"learning": 10.016556291390728, "worklevel": 47.14403973509934, "good": 22.8476821192053}, "composites": {"beer_points": 6.685242121445041, "quality_points": 5.547921676399862, "beer_percentiles": 76.12540192926045, "quality_percentiles": 39.630225080385856}}