{"info": {"language": "Dansk", "ECTS": 5, "time": "E2B (tors 8-12)", "level": "Diplomingeni\u00f8r", "name": "Biomedicinsk signalbehandling", "course_no": "62418"}, "evals": [{"time": "E-18-13", "N_responses": 18, "learning_answers": [2, 2, 6, 7, 1], "participation_answers": [4, 3, 5, 4, 2], "material_answers": [0, 6, 2, 1, 9], "clear_answers": [2, 4, 6, 2, 4], "connection_answers": [2, 4, 3, 3, 6], "worklevel_answers": [0, 0, 10, 5, 3], "prerequisite_answers": [0, 0, 12, 3, 2], "good_answers": [3, 2, 0, 8, 5]}], "eval_points": [{"time": "E-18-13", "learning": 1.8333333333333333, "worklevel": 2.611111111111111, "good": 1.4444444444444444, "N": 18}], "grades": [{"time": "2019summer", "N_exam": 4, "N_passed": 3, "exam_avg": 4.0, "grade_dist": [0, 0, 2, 0, 1, 1, 0, 3]}, {"time": "2018winter", "N_exam": 26, "N_passed": 22, "exam_avg": 8.0, "grade_dist": [8, 8, 3, 2, 1, 4, 0, 2, 2]}], "grade_percentile": 5.120772946859903, "eval_percentiles": {"learning": 5.275779376498801, "worklevel": 81.05515587529976, "good": 3.7569944044764187}, "composites": {"beer_points": 1.0679391047489206, "quality_points": 0.6129398410896706, "beer_percentiles": 4.343220338983051, "quality_percentiles": 1.3771186440677967}}