{"info": {"language": "Dansk", "ECTS": 10, "time": "F5A (ons 8-12)  og  Juni", "level": "Diplomingeni\u00f8r", "name": "CDIO-Projekt", "course_no": "62410"}, "evals": [{"time": "F-19-03JUN", "N_responses": 17, "learning_answers": [3, 10, 2, 2, 0], "participation_answers": [11, 2, 2, 1, 1], "material_answers": [4, 4, 6, 1, 2], "clear_answers": [1, 5, 5, 3, 3], "connection_answers": [4, 8, 2, 2, 0], "worklevel_answers": [0, 1, 9, 5, 2], "prerequisite_answers": [0, 1, 16, 0, 0], "good_answers": [7, 4, 4, 2, 0]}, {"time": "F-18-03JUN", "N_responses": 31, "learning_answers": [9, 8, 5, 4, 5], "participation_answers": [12, 9, 3, 5, 2], "material_answers": [2, 5, 6, 8, 10], "clear_answers": [1, 4, 10, 4, 12], "connection_answers": [4, 9, 7, 4, 7], "worklevel_answers": [0, 1, 19, 11, 0], "prerequisite_answers": [0, 3, 27, 1, 0], "good_answers": [6, 12, 4, 5, 4]}], "eval_points": [{"time": "F-19-03JUN", "learning": 7.058823529411765, "worklevel": 6.176470588235294, "good": 7.352941176470589, "N": 17}, {"time": "F-18-03JUN", "learning": 5.967741935483871, "worklevel": 5.806451612903226, "good": 5.887096774193549, "N": 31}], "grades": [{"time": "2019summer", "N_exam": 115, "N_passed": 112, "exam_avg": 8.8, "grade_dist": [41, 30, 23, 11, 7, 3, 0, 10]}, {"time": "2018summer", "N_exam": 107, "N_passed": 107, "exam_avg": 8.1, "grade_dist": [7, 41, 49, 7, 3, 0, 0, 6]}], "course_no": "62410", "grade_percentile": 33.65217391304348, "eval_percentiles": {"learning": 5.686125852918878, "worklevel": 84.64746019711903, "good": 2.047005307050796}, "composites": {"beer_points": 3.933834586466167, "quality_points": 1.7311261227822723, "beer_percentiles": 17.929050814956856, "quality_percentiles": 2.588686481303931}}