{"info": {"language": "Dansk", "ECTS": 5, "time": "E2B (tors 8-12)", "level": "Diplomingeni\u00f8r", "name": "Biomedicinsk signalbehandling", "course_no": "62418"}, "evals": [{"time": "E-18-13", "N_responses": 18, "learning_answers": [2, 2, 6, 7, 1], "participation_answers": [4, 3, 5, 4, 2], "material_answers": [0, 6, 2, 1, 9], "clear_answers": [2, 4, 6, 2, 4], "connection_answers": [2, 4, 3, 3, 6], "worklevel_answers": [0, 0, 10, 5, 3], "prerequisite_answers": [0, 0, 12, 3, 2], "good_answers": [3, 2, 0, 8, 5]}], "eval_points": [{"time": "E-18-13", "learning": 4.583333333333333, "worklevel": 6.527777777777778, "good": 3.611111111111111, "N": 18}], "grades": [{"time": "2019summer", "N_exam": 4, "N_passed": 3, "exam_avg": 4.0, "grade_dist": [0, 0, 2, 0, 1, 1, 0, 3]}, {"time": "2018winter", "N_exam": 26, "N_passed": 22, "exam_avg": 8.0, "grade_dist": [8, 8, 3, 2, 1, 4, 0, 2, 2]}], "course_no": "62418", "grade_percentile": 26.832706766917294, "eval_percentiles": {"learning": 9.725400457665904, "worklevel": 97.63539282990084, "good": 3.051106025934401}, "composites": {"beer_points": 2.5604320696345235, "quality_points": 2.002588159171789, "beer_percentiles": 3.7438423645320196, "quality_percentiles": 1.7733990147783252}}