{"info": {"language": "Dansk", "ECTS": 5, "time": "E5A (ons 8-12)", "level": "Diplomingeni\u00f8r", "name": "Data visualisering og analyse - v\u00e6rkt\u00f8jer og metoder.", "course_no": "62429"}, "evals": [{"time": "E-18-13", "N_responses": 21, "learning_answers": [2, 2, 5, 6, 6], "participation_answers": [4, 7, 6, 1, 3], "material_answers": [1, 3, 3, 6, 8], "clear_answers": [0, 4, 9, 1, 7], "connection_answers": [2, 4, 6, 3, 6], "worklevel_answers": [2, 4, 10, 4, 1], "prerequisite_answers": [1, 0, 14, 4, 2], "good_answers": [1, 3, 2, 6, 9]}, {"time": "E-17-13", "N_responses": 3, "learning_answers": [0, 1, 0, 1, 1], "participation_answers": [0, 1, 1, 1, 0], "material_answers": [0, 0, 1, 0, 2], "clear_answers": [0, 0, 1, 1, 1], "connection_answers": [0, 0, 1, 0, 2], "worklevel_answers": [0, 1, 1, 1, 0], "prerequisite_answers": [0, 1, 1, 1, 0], "good_answers": [0, 0, 1, 0, 2]}], "eval_points": [{"time": "E-18-13", "learning": 3.5714285714285716, "worklevel": 4.761904761904762, "good": 2.738095238095238, "N": 21}, {"time": "E-17-13", "learning": 3.333333333333333, "worklevel": 5.0, "good": 1.6666666666666665, "N": 3}], "course_no": "62429", "grade_percentile": 25.16158818097876, "eval_percentiles": {"learning": 11.875511875511876, "worklevel": 70.27027027027027, "good": 16.953316953316953}, "composites": {"beer_points": 4.802110817941952, "quality_points": 3.674698795180723, "beer_percentiles": 24.868282402528976, "quality_percentiles": 10.853530031612223}}