{"info": {"language": "Danish", "ECTS": 5, "time": "Autumn E5A (Wed 8-12)", "level": "BEng", "name": "Data visualization and analysis - tools and methods.", "course_no": "62429"}, "evals": [{"time": "E-18-13", "N_responses": 21, "learning_answers": [2, 2, 5, 6, 6], "participation_answers": [4, 7, 6, 1, 3], "material_answers": [1, 3, 3, 6, 8], "clear_answers": [0, 4, 9, 1, 7], "connection_answers": [2, 4, 6, 3, 6], "worklevel_answers": [2, 4, 10, 4, 1], "prerequisite_answers": [1, 0, 14, 4, 2], "good_answers": [1, 3, 2, 6, 9]}, {"time": "E-17-13", "N_responses": 3, "learning_answers": [0, 1, 0, 1, 1], "participation_answers": [0, 1, 1, 1, 0], "material_answers": [0, 0, 1, 0, 2], "clear_answers": [0, 0, 1, 1, 1], "connection_answers": [0, 0, 1, 0, 2], "worklevel_answers": [0, 1, 1, 1, 0], "prerequisite_answers": [0, 1, 1, 1, 0], "good_answers": [0, 0, 1, 0, 2]}], "eval_points": [{"time": "E-18-13", "learning": 3.5714285714285716, "worklevel": 4.761904761904762, "good": 2.738095238095238, "N": 21}, {"time": "E-17-13", "learning": 3.333333333333333, "worklevel": 5.0, "good": 1.6666666666666665, "N": 3}], "course_no": "62429", "grade_percentile": 25.95307917888563, "eval_percentiles": {"learning": 11.954624781849914, "worklevel": 70.89877835951134, "good": 17.102966841186735}, "composites": {"beer_points": 4.802110817941952, "quality_points": 3.674698795180723, "beer_percentiles": 24.36046511627907, "quality_percentiles": 10.813953488372093}}