{"info": {"language": "Dansk", "ECTS": 5, "time": "E2A (man 13-17)", "level": "Diplomingeni\u00f8r", "name": "Signalbehandling", "course_no": "62524"}, "grades": [{"time": "2020winter", "N_exam": 20, "N_passed": 20, "exam_avg": 11.0, "grade_dist": [15, 3, 1, 0, 1, 0, 0, 1, 5]}, {"time": "2019winter", "N_exam": 30, "N_passed": 30, "exam_avg": 10.1, "grade_dist": [16, 8, 4, 0, 2, 0, 0, 4]}], "course_no": "62524", "grade_percentile": 49.31318681318681, "eval_percentiles": {"learning": 13.027295285359802, "worklevel": 92.10090984284533, "good": 27.1712158808933}, "composites": {"beer_points": 4.300791556728233, "quality_points": 3.952344931921332, "beer_percentiles": 14.731182795698924, "quality_percentiles": 13.548387096774194}}