{"info": {"language": "Dansk", "ECTS": 5, "time": "E2A (man 13-17)", "level": "Diplomingeni\u00f8r", "name": "Signalbehandling", "course_no": "62524"}, "grades": [{"time": "2020winter", "N_exam": 20, "N_passed": 20, "exam_avg": 11.0, "grade_dist": [15, 3, 1, 0, 1, 0, 0, 1, 5]}, {"time": "2019winter", "N_exam": 30, "N_passed": 30, "exam_avg": 10.1, "grade_dist": [16, 8, 4, 0, 2, 0, 0, 4]}], "course_no": "62524", "grade_percentile": 48.41656516443362, "eval_percentiles": {"learning": 13.733905579399142, "worklevel": 92.38197424892704, "good": 26.448497854077253}, "composites": {"beer_points": 4.300791556728233, "quality_points": 4.02542372881356, "beer_percentiles": 14.184397163120567, "quality_percentiles": 14.361702127659575}}