{"info": {"language": "Dansk", "ECTS": 5, "time": "E1A (man 8-12)", "level": "Diplomingeni\u00f8r", "name": "H\u00f8jsp\u00e6nding", "course_no": "62708"}, "grades": [{"time": "2018winter", "N_exam": 20, "N_passed": 20, "exam_avg": 7.4, "grade_dist": [1, 6, 8, 5, 0, 0, 0, 1]}, {"time": "2017winter", "N_exam": 28, "N_passed": 28, "exam_avg": 6.5, "grade_dist": [5, 3, 5, 13, 2, 0, 0, 1]}, {"time": "2016summer", "N_exam": 18, "N_passed": 17, "exam_avg": 7.9, "grade_dist": [3, 5, 7, 2, 0, 1, 0, 1]}, {"time": "2016winter", "N_exam": 16, "N_passed": 16, "exam_avg": 8.8, "grade_dist": [4, 6, 3, 3, 0, 0, 0, 1, 4]}], "course_no": "62708", "grade_percentile": 49.51690821256039, "eval_percentiles": {"learning": 36.051159072741804, "worklevel": 84.77218225419664, "good": 30.17585931254996}, "composites": {"beer_points": 4.614860259032038, "quality_points": 5.186023940472339, "beer_percentiles": 26.800847457627118, "quality_percentiles": 30.66737288135593}}