{"info": {"language": "Dansk", "ECTS": 5, "time": "F2B (tors 8-12)", "level": "Diplomingeni\u00f8r", "name": "Digitale systemer, design af", "course_no": "62711"}, "evals": [{"time": "F-19-13", "N_responses": 37, "learning_answers": [3, 4, 11, 14, 5], "participation_answers": [11, 8, 9, 4, 5], "material_answers": [1, 5, 10, 9, 12], "clear_answers": [1, 6, 9, 5, 16], "connection_answers": [6, 2, 10, 7, 12], "worklevel_answers": [0, 4, 21, 7, 5], "prerequisite_answers": [0, 1, 30, 4, 2], "good_answers": [2, 4, 11, 9, 11]}, {"time": "F-18-13", "N_responses": 31, "learning_answers": [1, 6, 3, 12, 9], "participation_answers": [7, 6, 7, 4, 7], "material_answers": [2, 4, 4, 10, 11], "clear_answers": [1, 0, 5, 6, 19], "connection_answers": [1, 3, 8, 8, 11], "worklevel_answers": [1, 10, 13, 3, 4], "prerequisite_answers": [0, 0, 26, 2, 3], "good_answers": [1, 2, 5, 10, 13]}], "eval_points": [{"time": "F-19-13", "learning": 1.6216216216216217, "worklevel": 2.3513513513513513, "good": 1.3783783783783783, "N": 37}, {"time": "F-18-13", "learning": 1.2903225806451613, "worklevel": 1.967741935483871, "good": 0.967741935483871, "N": 31}], "grades": [{"time": "2019summer", "N_exam": 91, "N_passed": 81, "exam_avg": 6.5, "grade_dist": [13, 12, 33, 9, 14, 4, 2, 0, 4, 3]}, {"time": "2018summer", "N_exam": 74, "N_passed": 68, "exam_avg": 5.9, "grade_dist": [2, 10, 32, 21, 3, 5, 1, 2]}], "grade_percentile": 23.96135265700483, "eval_percentiles": {"learning": 2.717825739408473, "worklevel": 66.58673061550759, "good": 3.357314148681055}, "composites": {"beer_points": 1.8257521325005988, "quality_points": 1.2890756818112097, "beer_percentiles": 26.059322033898304, "quality_percentiles": 6.885593220338983}}