{"info": {"language": "Danish", "ECTS": 5, "time": "Autumn E5A (Wed 8-12)  and  Spring F5A (Wed 8-12)", "level": "BEng", "name": "Advanced Mathematics for diploma Electro Technology", "course_no": "62735"}, "grades": [{"time": "2020summer", "N_exam": 82, "N_passed": 77, "exam_avg": 5.8, "grade_dist": [1, 15, 34, 11, 16, 5, 0, 1, 11]}, {"time": "2019winter", "N_exam": 24, "N_passed": 20, "exam_avg": 2.9, "grade_dist": [0, 1, 3, 6, 10, 2, 2, 1, 8]}], "course_no": "62735", "grade_percentile": 27.32160312805474, "eval_percentiles": {"learning": 26.74520069808028, "worklevel": 83.0715532286213, "good": 11.605584642233858}, "composites": {"beer_points": 4.327176781002639, "quality_points": 3.7198795180722892, "beer_percentiles": 15.813953488372093, "quality_percentiles": 11.162790697674419}}