{"info": {"language": "Dansk", "ECTS": 5, "time": "E5A (ons 8-12)  og  F5A (ons 8-12)", "level": "Diplomingeni\u00f8r", "name": "Videreg\u00e5ende Matematik for Diplom Elektroteknologi", "course_no": "62735"}, "grades": [{"time": "2020summer", "N_exam": 82, "N_passed": 77, "exam_avg": 5.8, "grade_dist": [1, 15, 34, 11, 16, 5, 0, 1, 11]}, {"time": "2019winter", "N_exam": 24, "N_passed": 20, "exam_avg": 2.9, "grade_dist": [0, 1, 3, 6, 10, 2, 2, 1, 8]}], "course_no": "62735", "grade_percentile": 26.5466297322253, "eval_percentiles": {"learning": 26.28992628992629, "worklevel": 82.63718263718263, "good": 11.67076167076167}, "composites": {"beer_points": 4.327176781002639, "quality_points": 3.7198795180722892, "beer_percentiles": 15.911485774499473, "quality_percentiles": 11.275026343519494}}