{"info": {"language": "Dansk", "ECTS": 5, "time": "E5A (ons 8-12)  og  F5A (ons 8-12)", "level": "Diplomingeni\u00f8r", "name": "Videreg\u00e5ende Matematik for Diplom Elektroteknologi", "course_no": "62735"}, "grades": [{"time": "2020winter", "N_exam": 20, "N_passed": 20, "exam_avg": 5.4, "grade_dist": [0, 3, 8, 2, 7, 0, 0, 2]}, {"time": "2020summer", "N_exam": 82, "N_passed": 77, "exam_avg": 5.8, "grade_dist": [1, 15, 34, 11, 16, 5, 0, 1, 11]}, {"time": "2019winter", "N_exam": 24, "N_passed": 20, "exam_avg": 2.9, "grade_dist": [0, 1, 3, 6, 10, 2, 2, 1, 8]}], "course_no": "62735", "grade_percentile": 23.812423873325212, "eval_percentiles": {"learning": 26.341201716738198, "worklevel": 82.5107296137339, "good": 12.339055793991417}, "composites": {"beer_points": 4.327176781002639, "quality_points": 3.759630200308166, "beer_percentiles": 14.893617021276595, "quality_percentiles": 12.056737588652481}}