{"info": {"language": "Dansk", "ECTS": 5, "time": "E1A (man 8-12)", "level": "Diplomingeni\u00f8r", "name": "Elektroteknik 1", "course_no": "62763"}, "grades": [{"time": "2020winter", "N_exam": 27, "N_passed": 23, "exam_avg": 8.1, "grade_dist": [10, 6, 5, 2, 0, 3, 1, 4]}, {"time": "2019winter", "N_exam": 24, "N_passed": 23, "exam_avg": 8.5, "grade_dist": [8, 4, 9, 1, 1, 1, 0, 5]}], "course_no": "62763", "grade_percentile": 74.35897435897436, "eval_percentiles": {"learning": 1.1993382961124897, "worklevel": 13.68899917287014, "good": 1.4474772539288667}, "composites": {"beer_points": 7.425555974368638, "quality_points": 2.9522368705424684, "beer_percentiles": 90.53763440860214, "quality_percentiles": 6.559139784946237}}