{"info": {"language": "Engelsk", "ECTS": 5, "time": "E2B (tors 8-12)", "level": "Diplomingeni\u00f8r", "name": "Drift af elektriske energisystemer", "course_no": "62766"}, "grades": [{"time": "2020winter", "N_exam": 13, "N_passed": 12, "exam_avg": 7.7, "grade_dist": [2, 4, 4, 2, 0, 1, 0, 4]}, {"time": "2019winter", "N_exam": 20, "N_passed": 18, "exam_avg": 8.0, "grade_dist": [4, 6, 7, 0, 1, 2, 0, 3]}], "course_no": "62766", "grade_percentile": 17.71978021978022, "eval_percentiles": {"learning": 77.99834574028122, "worklevel": 52.77088502894954, "good": 92.3076923076923}, "composites": {"beer_points": 5.052770448548813, "quality_points": 7.057488653555222, "beer_percentiles": 30.0, "quality_percentiles": 73.11827956989248}}