{"info": {"language": "Dansk", "ECTS": 5, "time": "E1A (man 8-12)", "level": "Diplomingeni\u00f8r", "name": "Elektroteknik 1", "course_no": "62763"}, "grades": [{"time": "2020winter", "N_exam": 27, "N_passed": 23, "exam_avg": 8.1, "grade_dist": [10, 6, 5, 2, 0, 3, 1, 4]}, {"time": "2019winter", "N_exam": 24, "N_passed": 23, "exam_avg": 8.5, "grade_dist": [8, 4, 9, 1, 1, 1, 0, 5]}], "course_no": "62763", "grade_percentile": 73.99512789281364, "eval_percentiles": {"learning": 1.4484978540772533, "worklevel": 14.645922746781116, "good": 1.609442060085837}, "composites": {"beer_points": 7.425555974368638, "quality_points": 3.006823684789787, "beer_percentiles": 89.71631205673759, "quality_percentiles": 6.560283687943262}}