{"info": {"language": "Dansk", "ECTS": 5, "time": "E5A (ons 8-12)", "level": "Diplomingeni\u00f8r", "name": "Elektrisk Energiteknik", "course_no": "62762"}, "grades": [{"time": "2020winter", "N_exam": 31, "N_passed": 26, "exam_avg": 7.8, "grade_dist": [6, 11, 8, 1, 0, 5, 0, 4]}, {"time": "2019winter", "N_exam": 26, "N_passed": 26, "exam_avg": 8.4, "grade_dist": [6, 7, 9, 3, 1, 0, 0, 4]}], "course_no": "62762", "grade_percentile": 79.07509157509158, "eval_percentiles": {"learning": 67.86600496277916, "worklevel": 4.67328370554177, "good": 67.70057899090158}, "composites": {"beer_points": 8.097865195490526, "quality_points": 8.481639389354973, "beer_percentiles": 97.63440860215054, "quality_percentiles": 94.6236559139785}}