{"info": {"language": "Dansk", "ECTS": 5, "time": "Udenfor skema-struktur", "level": "Deltidsdiplom", "name": "Ledelse og b\u00e6redygtighed", "course_no": "62L10"}, "evals": [{"time": "E-15-13", "N_responses": 14, "learning_answers": [9, 5, 0, 0, 0], "participation_answers": [10, 3, 1, 0, 0], "material_answers": [7, 5, 2, 0, 0], "clear_answers": [7, 1, 2, 2, 2], "connection_answers": [11, 2, 0, 1, 0], "worklevel_answers": [1, 2, 10, 1, 0], "prerequisite_answers": [0, 0, 13, 1, 0], "good_answers": [10, 3, 0, 0, 1]}, {"time": "F-15-13", "N_responses": 9, "learning_answers": [4, 3, 2, 0, 0], "participation_answers": [1, 6, 2, 0, 0], "material_answers": [2, 4, 3, 0, 0], "clear_answers": [1, 1, 3, 2, 2], "connection_answers": [2, 6, 1, 0, 0], "worklevel_answers": [0, 3, 6, 0, 0], "prerequisite_answers": [0, 0, 8, 1, 0], "good_answers": [7, 0, 2, 0, 0]}], "eval_points": [{"time": "E-15-13", "learning": 9.107142857142858, "worklevel": 4.464285714285714, "good": 8.75, "N": 14}, {"time": "F-15-13", "learning": 8.055555555555555, "worklevel": 4.166666666666667, "good": 8.88888888888889, "N": 9}], "course_no": "62L10", "grade_percentile": 41.4975845410628, "eval_percentiles": {"learning": 1.0391686650679457, "worklevel": 68.26538768984813, "good": 0.7194244604316546}, "composites": {"beer_points": 5.061349693251533, "quality_points": 1.6459074733096082, "beer_percentiles": 37.44703389830509, "quality_percentiles": 1.3771186440677967}}