{"info": {"language": "Dansk", "ECTS": 10, "time": "E3 (tirs 8-12, fre 13-17)  og  E4 (tirs 13-17, fre 8-12)", "level": "Bachelor", "name": "Humanbiologi", "course_no": "KU002"}, "evals": [{"time": "E-16-13", "N_responses": 51, "learning_answers": [22, 21, 6, 2, 0], "participation_answers": [10, 19, 13, 8, 1], "material_answers": [12, 23, 10, 4, 1], "clear_answers": [7, 15, 14, 8, 4], "connection_answers": [9, 23, 12, 6, 0], "worklevel_answers": [1, 6, 19, 14, 9], "prerequisite_answers": [1, 0, 30, 14, 4], "good_answers": [11, 23, 8, 7, 0]}, {"time": "E-09-03", "N_responses": 13, "learning_answers": [3, 7, 1, 1, 1], "participation_answers": [9, 2, 0, 1, 1], "material_answers": [5, 2, 3, 1, 2], "clear_answers": [4, 2, 5, 1, 1], "connection_answers": [7, 3, 1, 1, 1], "worklevel_answers": [0, 2, 10, 0, 1], "prerequisite_answers": [0, 1, 11, 0, 1], "good_answers": [5, 5, 1, 1, 1]}], "eval_points": [{"time": "E-16-13", "learning": 8.088235294117647, "worklevel": 5.980392156862745, "good": 6.666666666666666, "N": 51}, {"time": "E-09-03", "learning": 6.923076923076923, "worklevel": 5.0, "good": 7.3076923076923075, "N": 13}], "course_no": "KU002", "grade_percentile": 67.05314009661836, "eval_percentiles": {"learning": 83.49320543565148, "worklevel": 70.50359712230215, "good": 50.83932853717026}, "composites": {"beer_points": 5.664621676891615, "quality_points": 6.855386606276285, "beer_percentiles": 54.29025423728814, "quality_percentiles": 73.51694915254237}}