{
    "info": {
        "language": "Dansk",
        "ECTS": 5,
        "time": "F2A (man 13-17)",
        "level": "Bachelor",
        "name": "Eksperimentel introduktion til fysikken bag b\u00e6redygtig energi",
        "course_no": "10331"
    },
    "evals": [
        {
            "time": "F-19-13",
            "N_responses": 11,
            "learning_answers": [
                6,
                4,
                1,
                0,
                0
            ],
            "participation_answers": [
                7,
                3,
                1,
                0,
                0
            ],
            "material_answers": [
                3,
                2,
                3,
                2,
                1
            ],
            "clear_answers": [
                6,
                4,
                0,
                1,
                0
            ],
            "connection_answers": [
                5,
                5,
                0,
                1,
                0
            ],
            "worklevel_answers": [
                0,
                2,
                9,
                0,
                0
            ],
            "prerequisite_answers": [
                0,
                1,
                9,
                1,
                0
            ],
            "good_answers": [
                7,
                3,
                0,
                1,
                0
            ]
        }
    ],
    "eval_points": [
        {
            "time": "F-19-13",
            "learning": 4.454545454545454,
            "worklevel": 2.8181818181818183,
            "good": 4.454545454545454,
            "N": 11
        }
    ],
    "grades": [
        {
            "time": "2019summer",
            "N_exam": 15,
            "N_passed": 15,
            "exam_avg": 9.1,
            "grade_dist": [
                4,
                6,
                3,
                2,
                0,
                0,
                0,
                1
            ]
        }
    ],
    "grade_percentile": 75.398313027179,
    "eval_percentiles": {
        "learning": 74.42505947660587,
        "worklevel": 19.587628865979383,
        "good": 77.59714512291832
    },
    "composites": {
        "beer_points": 2.8028241897995874,
        "quality_points": 3.179685119349923,
        "beer_percentiles": 87.08708708708708,
        "quality_percentiles": 89.03903903903904
    }
}