{
    "info": {
        "language": "Engelsk",
        "ECTS": 5,
        "time": "F5A (ons 8-12)",
        "level": "Kandidat",
        "name": "Wastewater Engineering: Treatment and Resource Recovery",
        "course_no": "12110"
    },
    "evals": [
        {
            "time": "F-18-13",
            "N_responses": 26,
            "learning_answers": [
                7,
                10,
                7,
                0,
                2
            ],
            "participation_answers": [
                4,
                7,
                9,
                3,
                3
            ],
            "material_answers": [
                2,
                10,
                8,
                3,
                3
            ],
            "clear_answers": [
                4,
                7,
                12,
                1,
                2
            ],
            "connection_answers": [
                7,
                7,
                7,
                2,
                3
            ],
            "worklevel_answers": [
                0,
                4,
                15,
                1,
                6
            ],
            "prerequisite_answers": [
                0,
                3,
                16,
                7,
                0
            ],
            "good_answers": [
                7,
                11,
                3,
                3,
                2
            ]
        }
    ],
    "eval_points": [
        {
            "time": "F-18-13",
            "learning": 3.769230769230769,
            "worklevel": 3.3461538461538463,
            "good": 3.6923076923076925,
            "N": 26
        }
    ],
    "grades": [
        {
            "time": "2019summer",
            "N_exam": 22,
            "N_passed": 17,
            "exam_avg": 5.8,
            "grade_dist": [
                3,
                5,
                5,
                1,
                3,
                4,
                1,
                1
            ]
        }
    ],
    "grade_percentile": 15.604498594189316,
    "eval_percentiles": {
        "learning": 28.8659793814433,
        "worklevel": 66.69310071371928,
        "good": 34.417129262490086
    },
    "composites": {
        "beer_points": 1.661775947159449,
        "quality_points": 1.7650193382036954,
        "beer_percentiles": 18.11811811811812,
        "quality_percentiles": 17.51751751751752
    }
}