{
    "info": {
        "language": "Engelsk",
        "ECTS": 5,
        "time": "E5B (ons 13-17)",
        "level": "Kandidat",
        "name": "Pr\u00e6diktiv f\u00f8devaremikrobiologi",
        "course_no": "23210"
    },
    "evals": [
        {
            "time": "E-18-13",
            "N_responses": 9,
            "learning_answers": [
                3,
                3,
                3,
                0,
                0
            ],
            "participation_answers": [
                5,
                1,
                3,
                0,
                0
            ],
            "material_answers": [
                0,
                5,
                3,
                1,
                0
            ],
            "clear_answers": [
                0,
                3,
                5,
                1,
                0
            ],
            "connection_answers": [
                2,
                5,
                2,
                0,
                0
            ],
            "worklevel_answers": [
                0,
                2,
                6,
                1,
                0
            ],
            "prerequisite_answers": [
                0,
                1,
                8,
                0,
                0
            ],
            "good_answers": [
                1,
                5,
                3,
                0,
                0
            ]
        }
    ],
    "eval_points": [
        {
            "time": "E-18-13",
            "learning": 4.0,
            "worklevel": 2.888888888888889,
            "good": 3.7777777777777777,
            "N": 9
        }
    ],
    "grades": [
        {
            "time": "2018winter",
            "N_exam": 11,
            "N_passed": 11,
            "exam_avg": 5.6,
            "grade_dist": [
                0,
                0,
                6,
                5,
                0,
                0,
                0,
                2
            ]
        }
    ],
    "grade_percentile": 13.542642924086223,
    "eval_percentiles": {
        "learning": 42.9817605075337,
        "worklevel": 24.068199841395717,
        "good": 38.54084060269627
    },
    "composites": {
        "beer_points": 2.9891300852227047,
        "quality_points": 2.9188081936685286,
        "beer_percentiles": 34.83483483483484,
        "quality_percentiles": 23.123123123123122
    }
}