{
    "info": {
        "language": "Engelsk",
        "ECTS": 5,
        "time": "Juni",
        "level": "Kandidat",
        "name": "\u00d8velser i avanceret fermenteringsteknologi",
        "course_no": "28346"
    },
    "evals": [
        {
            "time": "F-17-03JUN",
            "N_responses": 3,
            "learning_answers": [
                1,
                2,
                0,
                0,
                0
            ],
            "participation_answers": [
                3,
                0,
                0,
                0,
                0
            ],
            "material_answers": [
                0,
                1,
                1,
                0,
                1
            ],
            "clear_answers": [
                1,
                1,
                0,
                1,
                0
            ],
            "connection_answers": [
                1,
                1,
                1,
                0,
                0
            ],
            "worklevel_answers": [
                0,
                0,
                0,
                2,
                1
            ],
            "prerequisite_answers": [
                0,
                1,
                1,
                0,
                1
            ],
            "good_answers": [
                2,
                0,
                0,
                1,
                0
            ]
        }
    ],
    "eval_points": [
        {
            "time": "F-17-03JUN",
            "learning": 3.3333333333333335,
            "worklevel": 3.3333333333333335,
            "good": 3.0,
            "N": 3
        }
    ],
    "grades": [
        {
            "time": "2018summer",
            "N_exam": 10,
            "N_passed": 10,
            "exam_avg": 12.0,
            "grade_dist": [
                10,
                0,
                0,
                0,
                0,
                0,
                0,
                1
            ]
        }
    ],
    "grade_percentile": 99.53139643861293,
    "eval_percentiles": {
        "learning": 66.33624107850912,
        "worklevel": 96.94686756542427,
        "good": 50.67406819984139
    },
    "composites": {
        "beer_points": 2.2222222222222223,
        "quality_points": 3.393258426966293,
        "beer_percentiles": 50.250250250250254,
        "quality_percentiles": 94.1941941941942
    }
}