{"info": {"language": "Engelsk", "ECTS": 5, "time": "F2A (man 13-17)", "level": "Kandidat", "name": "Klimaforandring", "course_no": "30754"}, "evals": [{"time": "F-18-13", "N_responses": 14, "learning_answers": [8, 6, 0, 0, 0], "participation_answers": [10, 4, 0, 0, 0], "material_answers": [5, 8, 1, 0, 0], "clear_answers": [4, 2, 5, 1, 1], "connection_answers": [6, 6, 1, 1, 0], "worklevel_answers": [0, 3, 10, 1, 0], "prerequisite_answers": [0, 0, 12, 2, 0], "good_answers": [7, 6, 0, 0, 0]}], "eval_points": [{"time": "F-18-13", "learning": 4.571428571428571, "worklevel": 2.857142857142857, "good": 4.214285714285714, "N": 14}], "grades": [{"time": "2019summer", "N_exam": 17, "N_passed": 17, "exam_avg": 7.4, "grade_dist": [3, 4, 3, 7, 0, 0, 0, 1]}, {"time": "2018summer", "N_exam": 23, "N_passed": 23, "exam_avg": 8.4, "grade_dist": [4, 8, 8, 2, 1, 0, 0, 1]}], "grade_percentile": 39.409559512652294, "eval_percentiles": {"learning": 82.3949246629659, "worklevel": 22.085646312450436, "good": 64.47264076130055}, "composites": {"beer_points": 3.403859141341052, "quality_points": 3.6802873104549074, "beer_percentiles": 64.36436436436436, "quality_percentiles": 64.56456456456456}}