{"info": {"language": "Engelsk", "ECTS": 5, "time": "E4B (fre 8-12)", "level": "Kandidat", "name": "Modellering i materiale", "course_no": "41747"}, "evals": [{"time": "E-15-13", "N_responses": 18, "learning_answers": [11, 6, 1, 0, 0], "participation_answers": [11, 7, 0, 0, 0], "material_answers": [7, 7, 3, 1, 0], "clear_answers": [5, 8, 2, 2, 1], "connection_answers": [10, 5, 2, 1, 0], "worklevel_answers": [0, 1, 6, 5, 6], "prerequisite_answers": [0, 2, 16, 0, 0], "good_answers": [9, 8, 0, 0, 1]}], "eval_points": [{"time": "E-15-13", "learning": 4.555555555555555, "worklevel": 3.888888888888889, "good": 4.333333333333333, "N": 18}], "grades": [{"time": "2018winter", "N_exam": 18, "N_passed": 17, "exam_avg": 10.2, "grade_dist": [11, 3, 3, 0, 0, 1, 0, 3]}, {"time": "2017winter", "N_exam": 12, "N_passed": 11, "exam_avg": 9.6, "grade_dist": [7, 1, 3, 0, 0, 1, 0, 1]}, {"time": "2016winter", "N_exam": 20, "N_passed": 19, "exam_avg": 9.0, "grade_dist": [10, 4, 1, 3, 1, 1, 0, 1]}], "grade_percentile": 91.65885660731021, "eval_percentiles": {"learning": 81.6415543219667, "worklevel": 89.25455987311658, "good": 71.25297383029341}, "composites": {"beer_points": 3.1728252130567616, "quality_points": 4.182122905027933, "beer_percentiles": 47.147147147147145, "quality_percentiles": 89.43943943943944}}