{
    "info": {
        "language": "Engelsk",
        "ECTS": 5,
        "time": "August",
        "level": "Kandidat",
        "name": "Forskningsfordybelse",
        "course_no": "46800"
    },
    "evals": [
        {
            "time": "F-16-03AUG",
            "N_responses": 6,
            "learning_answers": [
                4,
                2,
                0,
                0,
                0
            ],
            "participation_answers": [
                6,
                0,
                0,
                0,
                0
            ],
            "material_answers": [
                3,
                3,
                0,
                0,
                0
            ],
            "clear_answers": [
                3,
                2,
                1,
                0,
                0
            ],
            "connection_answers": [
                3,
                3,
                0,
                0,
                0
            ],
            "worklevel_answers": [
                0,
                0,
                2,
                3,
                1
            ],
            "prerequisite_answers": [
                0,
                0,
                4,
                2,
                0
            ],
            "good_answers": [
                6,
                0,
                0,
                0,
                0
            ]
        }
    ],
    "eval_points": [
        {
            "time": "F-16-03AUG",
            "learning": 4.666666666666667,
            "worklevel": 3.8333333333333335,
            "good": 5.0,
            "N": 6
        }
    ],
    "grades": [
        {
            "time": "2016summer",
            "N_exam": 11,
            "N_passed": 9,
            "exam_avg": 7.6,
            "grade_dist": [
                1,
                1,
                6,
                1,
                0,
                0,
                0,
                0,
                2
            ]
        }
    ],
    "grade_percentile": 43.626991565135896,
    "eval_percentiles": {
        "learning": 87.27200634417129,
        "worklevel": 88.30293417922285,
        "good": 96.70896114195084
    },
    "composites": {
        "beer_points": 1.655957549445248,
        "quality_points": 2.708379888268156,
        "beer_percentiles": 17.71771771771772,
        "quality_percentiles": 65.96596596596596
    }
}