{"info": {"language": "Dansk", "ECTS": 5, "time": "E4A (tirs 13-17)  eller  F4A (tirs 13-17)", "level": "Diplomingeni\u00f8r", "name": "Modellering og Programmering", "course_no": "62646"}, "evals": [{"time": "F-19-13", "N_responses": 30, "learning_answers": [9, 5, 10, 4, 2], "participation_answers": [10, 7, 7, 3, 3], "material_answers": [5, 6, 8, 7, 2], "clear_answers": [8, 4, 9, 3, 5], "connection_answers": [6, 6, 5, 8, 5], "worklevel_answers": [0, 4, 11, 9, 6], "prerequisite_answers": [1, 1, 17, 6, 4], "good_answers": [5, 8, 6, 7, 3]}, {"time": "E-18-13", "N_responses": 21, "learning_answers": [2, 2, 7, 5, 5], "participation_answers": [2, 7, 4, 5, 3], "material_answers": [1, 7, 4, 9, 0], "clear_answers": [1, 2, 6, 5, 6], "connection_answers": [0, 3, 4, 7, 7], "worklevel_answers": [2, 4, 9, 3, 2], "prerequisite_answers": [0, 1, 11, 5, 3], "good_answers": [2, 4, 3, 6, 6]}], "eval_points": [{"time": "F-19-13", "learning": 3.5, "worklevel": 3.566666666666667, "good": 3.066666666666667, "N": 30}, {"time": "E-18-13", "learning": 2.5714285714285716, "worklevel": 2.8095238095238093, "good": 2.5238095238095237, "N": 21}], "grades": [{"time": "2019summer", "N_exam": 77, "N_passed": 60, "exam_avg": 5.0, "grade_dist": [5, 11, 21, 16, 7, 14, 3, 2, 20]}, {"time": "2018winter", "N_exam": 24, "N_passed": 17, "exam_avg": 4.0, "grade_dist": [1, 4, 2, 8, 2, 5, 2, 4, 9]}], "grade_percentile": 9.793814432989691, "eval_percentiles": {"learning": 18.596352101506742, "worklevel": 80.29341792228391, "good": 13.203806502775574}, "composites": {"beer_points": 2.3101784852870235, "quality_points": 2.2513966480446927, "beer_percentiles": 7.757757757757758, "quality_percentiles": 6.306306306306307}}