{"info": {"language": "Dansk", "ECTS": 5, "time": "F2B (tors 8-12)", "level": "Diplomingeni\u00f8r", "name": "Digitale systemer, design af", "course_no": "62711"}, "evals": [{"time": "F-19-13", "N_responses": 37, "learning_answers": [3, 4, 11, 14, 5], "participation_answers": [11, 8, 9, 4, 5], "material_answers": [1, 5, 10, 9, 12], "clear_answers": [1, 6, 9, 5, 16], "connection_answers": [6, 2, 10, 7, 12], "worklevel_answers": [0, 4, 21, 7, 5], "prerequisite_answers": [0, 1, 30, 4, 2], "good_answers": [2, 4, 11, 9, 11]}, {"time": "F-18-13", "N_responses": 31, "learning_answers": [1, 6, 3, 12, 9], "participation_answers": [7, 6, 7, 4, 7], "material_answers": [2, 4, 4, 10, 11], "clear_answers": [1, 0, 5, 6, 19], "connection_answers": [1, 3, 8, 8, 11], "worklevel_answers": [1, 10, 13, 3, 4], "prerequisite_answers": [0, 0, 26, 2, 3], "good_answers": [1, 2, 5, 10, 13]}], "eval_points": [{"time": "F-19-13", "learning": 2.6216216216216215, "worklevel": 3.3513513513513513, "good": 2.3783783783783785, "N": 37}, {"time": "F-18-13", "learning": 2.2903225806451615, "worklevel": 2.967741935483871, "good": 1.967741935483871, "N": 31}], "grades": [{"time": "2019summer", "N_exam": 86, "N_passed": 78, "exam_avg": 6.8, "grade_dist": [13, 12, 33, 9, 11, 2, 2, 0, 4, 3]}, {"time": "2018summer", "N_exam": 74, "N_passed": 68, "exam_avg": 5.9, "grade_dist": [2, 10, 32, 21, 3, 5, 1, 2]}], "grade_percentile": 27.835051546391753, "eval_percentiles": {"learning": 2.696272799365583, "worklevel": 66.93100713719271, "good": 3.4892942109436955}, "composites": {"beer_points": 2.8736757017509555, "quality_points": 2.3717046655594145, "beer_percentiles": 28.72872872872873, "quality_percentiles": 7.707707707707708}}